0.0,0.0,1.0,0.0,0.0
0.0,0.0,0.0,0.0,0.0
0.0,0.0,0.0,0.0,0.0
0.0,0.0,0.0,0.0,0.0
0.0,0.0,0.0,0.0,0.0
0.0,0.0,0.0,0.0,0.0
0.0,0.0,0.0,0.0,0.0
0.0,0.0,0.0,0.0,0.0
0.0,0.0,0.0,0.0,0.0
0.0,0.0,0.0,0.0,0.0
0.0,0.0,0.0,0.0,0.0
0.0,0.0,0.0,0.0,0.0
0.0,0.0,0.0,0.0,0.0
0.0,0.0,0.0,0.0,0.0
0.0,0.0,0.0,0.0,0.0
0.0,0.0,0.0,0.0,0.0
0.0,0.0,0.0,0.0,0.0
0.0,0.0,0.0,0.0,0.0
0.0,0.0,0.0,0.0,0.0
0.0,0.0,0.0,0.0,0.0
0.0,0.0,0.0,0.0,0.0
0.0,0.0,0.0,0.0,0.0
0.0,0.0,0.0,0.0,0.0
0.0,0.0,0.0,0.0,0.0
0.0,0.6043956043956027,0.0,0.43749999999999784,0.0
0.0,0.0,0.0,0.0,0.0
0.0,0.0,0.0,0.0,0.0
0.0,0.0,0.0,0.0,0.0
0.0,0.7615894039735103,0.0,0.0,0.0
0.0,0.6578204404291357,0.0,0.8,0.0
0.0,0.8125,0.0,0.0,0.0
0.0,0.0,0.0,0.0,0.0
0.0,0.0,0.0,0.0,0.0
0.0,0.8974358974358974,0.0,0.0,0.4268292682926813
0.0,0.0,0.0,0.0,1.0
1.0,0.0,0.0,0.0,0.0
0.7104557640750664,0.0,0.0,0.0,0.0
0.8095485210171249,0.8775510204081632,0.0,0.0,0.5089820359281437
0.0,0.8974358974358974,0.0,0.0,0.6251896813353568
0.0,0.8695652173913043,0.8149779735682811,0.0,0.0
0.0,0.0,0.0,0.0,0.0
0.0,0.0,0.0,0.0,0.0
0.8646616541353386,0.0,0.0,0.0,1.0
0.0,0.9300291545189512,1.0,0.9433962264150942,0.0
0.5352266521026694,0.0,0.0,0.818897637795276,0.0
0.8098591549295777,0.0,0.0,0.0,0.8464460119370592
0.8124999999999997,0.8604651162790699,0.0,0.8846153846153846,0.623595505617977
0.6782334384858015,0.8293460925039873,1.0,0.0,0.7251707829742513
0.0,0.5214723926380369,0.0,0.0,0.0
0.0,0.5214723926380362,0.0,0.0,0.0
0.0,0.0,0.0,0.0,0.0
0.0,0.0,0.0,0.0,0.0
0.0,0.0,0.0,0.0,0.0
0.0,0.0,0.0,0.0,0.0
0.8695652173913043,0.0,0.0,0.0,0.0
1.0,1.0,0.8695652173913043,0.0,0.0
0.0,0.719844357976654,0.0,0.5089820359281437,0.0
0.0,0.4268292682926813,0.8775510204081632,0.0,0.0
0.0,0.0,0.0,0.0,0.0
0.0,0.0,0.0,0.0,0.0
0.9356568364611266,0.0,0.0,0.0,0.0
0.42682926829268064,1.0,0.0,0.8536585365853661,0.0
0.0,0.0,0.0,0.8775510204081632,0.0
0.0,0.0,0.0,0.9226190476190469,0.8045977011494186
1.0,0.0,0.7692307692307676,0.0,0.8045977011494186
0.0,0.0,0.9433962264150942,0.0,0.0
0.9227467811158799,0.0,1.1111111111111103,0.0,0.0
0.0,0.0,1.0,1.0,0.0
0.0,1.0,0.0,0.0,0.0
0.0,0.0,1.0,0.0,0.0
0.0,0.0,0.0,0.8629032258064517,0.0
0.0,0.0,0.0,0.0,0.0
0.061349693251533374,1.0000000000000018,0.3571428571428573,0.7876230661040788,0.0
0.0,0.0,0.0,0.0,0.0
0.8477157360405848,0.0,0.7865168539325841,0.9227467811158799,0.0
0.0,0.0,0.0,1.0,0.46052631578947373
1.0,0.0,0.0,0.0,0.0
0.0,0.47486033519552834,0.0,0.4458598726114647,0.8139534883720926
0.0,0.0,0.0,0.0,0.9404466501240701
0.8565737051792831,0.7272727272727203,0.9890109890109885,0.0,0.0
0.0,0.8280254777070064,0.0,0.0,0.0
0.0,0.0,0.0,0.0,0.0
0.0,1.0,0.9113300492610839,0.0,0.0
0.0,0.0,0.8469945355191296,0.0,0.0
0.0,0.0,1.0,0.0,0.0
0.0,0.0,0.0,0.0,0.0
0.0,0.0,0.0,0.0,0.0
0.0,0.0,0.0,0.0,0.0
0.0,0.0,0.0,0.0,0.0
0.8045977011494186,0.0,0.0,0.0,0.8247422680412372
0.9226190476190469,0.0,0.0,0.0,0.0
0.0,1.0,1.0,0.0,0.0
0.0,0.6371814092953524,0.0,0.0,0.0
0.0,0.8045977011494186,0.0,0.0,0.8474576271186443
0.8974358974358974,1.0,0.0,0.8372093023255812,0.0
0.0,0.0,0.7874015748031499,1.0,0.0
0.0,0.0,0.0,0.40350877192982626,0.0
0.0,0.0,0.5089820359281428,0.0,0.8152994464016107
0.0,0.7491289198606276,0.0,0.8095485210171249,0.0
0.0,1.0,0.0,0.0,0.0
1.0,0.0,0.0,0.0,0.7874015748031499
0.0,0.0,0.0,0.7592975206611567,0.0
0.0,0.0,0.4347826086956518,0.0,0.0
1.0,0.0,0.0,0.0,0.7153284671532859
0.0,0.0,0.0,0.0,0.0
1.0,1.0,0.555555555555556,0.4268292682926817,0.9227467811158806
0.0,0.0,0.0,0.0,0.0
0.8139534883720926,0.0,0.0,0.0,1.0
0.0,0.0,0.8083832335329342,0.0,0.835164835164832
0.0,0.0,0.0,0.0,0.0
1.0,0.0,0.0,0.0,0.5394736842105265
0.0,0.9356568364611266,0.0,0.0,0.0
0.0,0.06756756756756756,0.0,0.8280254777070064,0.7251707829742513
0.0,1.0,1.0,0.0,0.736906211936663
0.0,0.0,0.0,0.0,0.818897637795276
0.0,0.8,0.0,0.0,0.0
1.0,0.0,0.0,0.8045977011494186,0.0
0.0,0.8020989462600637,0.37288135593220445,0.5930232558139524,0.0
0.0,0.0,0.0,0.18867924528302046,0.8372093023255812
0.0,0.8597285067873307,0.0,0.059523809523809514,0.7865168539325839
0.0,0.0,0.6074766355140192,0.5990783410138254,0.0
0.62874251497006,0.0,0.9890109890109885,0.0,0.0
0.0,0.0,0.0,0.0,0.6287425149700595
0.0,1.0,0.5932203389830513,0.0,0.0
0.0,1.0,0.0,1.0,0.0
0.6164383561643819,0.8247422680412372,0.0,0.0,0.792207792207791
0.0,0.0,0.0,0.0,0.0
0.5808383233532933,0.0,0.0,0.0,0.0
0.0,0.0,1.0,0.0,0.0
0.0,0.0,1.0,0.0,0.0
0.0,0.9148936170212775,0.0,1.0,0.8083832335329342
0.0,0.0,0.0,0.0,0.0
0.0,0.0,0.0,0.0,1.0
0.0,0.0,0.0,1.0,0.0
0.0,1.0,1.0,0.0,0.7926829268292684
0.0,0.0,0.0,0.0,0.0
0.0,0.0,0.7251707829742513,0.6164383561643819,0.0
1.0,0.0,1.0,1.0,1.0
0.0,1.0,0.0,0.0,0.8139534883720926
0.0,0.0,0.0,0.0,1.0
0.8280254777070064,0.0,0.5379746835443028,0.0,0.8571428571428558
0.714285714285713,1.0,0.0,0.8565737051792831,1.0
0.14705882352941171,0.8203592814371247,0.0,0.0,0.0
0.0,0.0,0.0,0.9459459459459465,0.0
0.8203592814371247,0.0,1.0,0.8974358974358974,0.0
0.0,0.0,0.0,0.0,0.0
1.0,0.0,0.0,0.0,0.0
0.0,0.0,0.0,1.0,0.9890109890109885
0.0,0.0,0.0,1.0,1.0
0.0,0.8125,0.0,0.0,1.0
0.0,0.8057553956834533,1.0,0.0,1.0
0.0,0.0,0.0,1.0,0.2966101694915249
0.0,0.0,0.0,0.0,1.0
0.0,0.0,0.7876230661040788,0.0,1.0
0.0,0.0,0.0,0.0,1.0
0.0,0.0,0.0,0.0,0.0
0.0,0.0,0.0,0.0,0.0
0.0,0.0,0.0,0.0,0.0
1.0,1.0,1.0,1.0,0.40697674418604757
0.9356568364611266,0.0,0.0,0.0,0.8571428571428558
0.580838323353294,0.0,1.0,0.0,0.0
0.7722772277227723,0.0,0.8203592814371247,0.0,0.8571428571428558
1.0000000000000004,0.3317535545023705,1.0,1.0,1.0
0.0,0.0,1.0,0.0,0.8057553956834533
0.0,0.5808383233532933,0.0,0.0,0.0
0.0,0.0,0.5624999999999988,0.0,0.3723404255319147
0.9226190476190469,0.4893617021276591,0.0,0.0,0.0
1.0,0.0,0.0,0.0,0.8280254777070064
0.0,0.0,0.0,0.0,0.0
0.7784431137724551,0.0,0.9999999999999853,0.0,0.835164835164832
1.0,0.0,0.0,0.0,0.0
1.0,0.732057416267943,0.0,0.0,0.0
0.0,0.0,0.6521739130434788,1.0,0.5084745762711859
0.0,0.0,0.0,0.0,0.0
0.0,0.0,0.0,1.0,1.0
0.0,0.0,0.0,0.0,0.8372093023255812
0.8333333333333326,0.7745696835091597,0.0,0.0,1.0
0.7157360406091369,1.0,0.708133971291866,0.5844155844155787,1.0
0.6097560975609749,0.0,0.6272727272727074,0.8045977011494186,0.0
0.0,0.8187134502923977,1.0,0.0,0.8795180722891567
0.0,0.0,1.0,0.0,0.0
0.7798165137614682,0.0,0.999999999999989,0.0,0.0
0.0,0.0,1.0,0.8132530120481928,0.9830508474576283
1.0,0.6783919597989944,0.8247422680412372,0.0,1.0
0.0,0.0,0.0,0.9356568364611266,1.0
0.7272727272727203,0.0,1.0,1.0,1.0
0.0,0.0,0.0,0.0,0.0
1.0,0.62874251497006,1.0000000000000009,0.0,1.0
0.0,0.6287425149700606,1.0,0.7722772277227723,0.0
1.0,0.0,0.0,0.0,0.5270270270270279
1.0,0.0,0.0,1.0,0.0
1.0,0.8974358974358974,0.2554347826086956,0.0,0.0
0.0,0.0,0.2966101694915249,0.0,0.9459459459459465
0.0,0.0,0.0,1.0,0.0
0.0,0.0,0.0,0.7592975206611567,1.0
1.0,0.0,0.9999999999999853,0.0,0.0
1.0,1.0,1.0,1.0000000000000004,1.0
0.5808383233532933,0.0,0.7676567656765644,0.34729064039408936,0.9999999999999902
0.0,0.0,0.8795180722891567,0.0,0.0
0.0,1.0,0.7592975206611567,1.0068027210884356,0.0
0.0,0.0,0.999999999999989,0.0,0.4751847940865895
1.0,0.835164835164832,0.37288135593220445,0.7894736842105259,0.0
0.0,0.8795180722891567,1.0,1.0068027210884356,0.9016736401673643
0.7592975206611567,0.0,0.0,0.0,0.835164835164832
0.0,0.34729064039408936,0.829268292682927,0.0,0.0
1.0,0.71451355661882,1.0,1.0,0.0
0.37159372419488035,0.0,1.0,0.53892215568865,0.9890109890109885
0.0,0.7471264367816094,0.8571428571428558,0.6287425149700606,0.0
0.0,0.0,1.0,0.0,0.0
0.0,1.0,0.8247422680412372,0.0,0.798816568047334
1.0,0.0,0.0,1.0,1.0
0.0,0.818897637795276,1.0,1.0,0.8974358974358974
0.0,0.5000000000000004,0.5808383233532933,0.0,0.0
1.0,1.0,1.0,1.0,1.0
1.0,0.0,0.8203592814371247,0.0,1.0
0.0,0.0,0.0,1.0,0.0
0.0,1.0,0.0,0.0,0.4237288135593213
0.0,0.9072847682119212,0.0,0.7576571735626006,0.7576571735626004
0.0,0.0,0.7471264367816094,0.0,0.0
0.0,0.7865168539325839,0.835164835164832,0.4680851063829774,0.0
0.6568627450980147,0.7225769007544981,0.0,1.0,1.0
0.53892215568865,0.0,0.0,0.0,0.0
0.8525345622119813,1.0,0.0,0.8464460119370592,0.0
0.8007909045971326,0.0,0.9999999999999992,0.7894736842105267,0.0
0.33531157270029704,0.0,0.0,0.0,1.0
1.0,0.942105263157894,0.0,0.0,0.6164383561643819
0.9445727482678989,0.0,0.9404466501240701,0.0,0.0
0.0,0.0,0.0,1.0,0.0
0.0,0.580838323353294,0.7607973421926914,0.8053861788617883,0.9830508474576283
1.0,0.0,0.0,0.5715756951596298,0.8375
0.0,0.0,0.0,0.0,0.5418994413407793
0.6287425149700606,0.27777777777777707,0.0,0.8139534883720926,0.0
0.0,1.0,0.0,0.0,0.8353748162665355
0.20348837209302303,0.0,0.8571428571428558,0.0,0.0
1.0,1.0,0.7251707829742513,0.0,0.0
0.0,0.0,0.0,0.0,0.0
0.798816568047334,0.8513302034428796,0.0,0.0,0.0
0.4680851063829774,0.0,0.0,1.0,1.0
0.0,0.0,0.0,0.0,0.7592975206611567
1.0,0.0,1.0,0.0,0.7722772277227723
0.5172413793103446,0.7876230661040788,0.0,0.0,0.8203592814371247
0.0,0.9644670050761425,0.0,0.9459459459459465,0.0
1.0,1.0,0.5624999999999988,0.7592975206611567,0.7261613691931539
0.0,1.0,0.0,1.0,0.0
0.7467532467532468,1.0,0.0,0.9999999999999956,0.9356568364611266
0.829268292682927,0.8187134502923977,0.5394736842105262,0.0,0.0
0.5394736842105262,1.0,0.0,0.0,0.8823529411764703
1.0,0.0,0.7024793388429746,0.0,1.0
0.0,0.9999999999999853,1.0,0.0,0.0
0.0,1.0,0.97560975609756,0.9003632589517382,0.0
0.0,0.0,0.9890109890109885,0.8,0.0
1.0,1.0,0.0,0.6570972886762362,1.0
0.0,1.0,1.0,0.0,0.0
0.7471264367816094,1.0,0.7901166018878383,0.0,0.0
0.0,0.0,0.0,1.0,1.0
0.9830508474576283,1.0,0.0,0.0,0.0
1.0,0.0,0.0,0.0,0.9404466501240701
0.5844155844155787,1.0,1.0,0.0,0.0
0.0,0.0,1.0,0.0,0.641025641025641
1.0,1.0,0.8151382823871912,0.0,0.43956043956043944
0.0,0.0,0.8513302034428796,0.0,0.0
0.3266331658291454,1.0,0.0,0.97560975609756,1.0
0.0,0.8247422680412372,0.34759358288770054,0.9999999999999992,1.0
0.7894736842105267,1.0,0.8282208588957056,1.0,0.0
1.0,0.0,0.7472660996354804,0.7901166018878383,0.3340757238307344
0.0,0.0,1.1111111111111103,0.999999999999989,0.7471264367816094
0.0,0.0,0.0,0.0,0.0
0.999999999999989,0.40350877192982626,0.0,0.0,0.0
0.9051383399209488,0.9067184897279265,0.0,0.0,0.0
0.0,1.0,0.0,0.4751847940865895,1.0
0.0,0.0,1.0,0.8823529411764703,0.0
0.9445727482678989,1.0,0.0,0.801980198019802,0.0
0.0,1.0,0.0,1.0,0.20916334661354588
1.0,1.0000000000000007,0.2908855850032316,0.8203592814371247,0.0
0.0,0.8372093023255812,1.0504347826086957,0.5270270270270279,0.6783919597989944
0.0,1.0,0.7272727272727203,0.8974358974358974,0.6568627450980147
0.0,0.5000000000000018,0.22295623451692806,0.0,0.0
0.0,0.0,1.0,0.0,1.0
1.0,0.0,1.0,0.0,0.5371900826446279
0.0,0.0,0.0,0.46099290780141905,0.4385964912280695
0.3571428571428542,0.7876230661040788,0.0,1.0,1.0577367205542723
0.818897637795276,1.0,0.0,0.0,0.0
0.97560975609756,0.0,0.0,0.0,0.7252747252747243
0.0,1.0,0.8083832335329342,1.0,0.0
1.0,1.0000000000000029,0.452261306532663,0.0,0.8490566037735848
0.8701298701298701,1.0,0.0,0.8795180722891567,0.7153284671532859
0.5172413793103446,1.0,0.0,0.9459459459459465,1.0417422867513557
0.7865168539325839,1.0,1.0,0.5777777777777775,0.0
1.0,0.0,0.0,0.2908855850032316,0.0
0.8477157360405848,0.0,0.6991150442477878,0.0,0.5660377358490573
1.0,1.0,0.0,0.6570972886762362,0.8372093023255812
0.0,0.37159372419488007,0.0,0.631259484066768,1.0
0.0,0.0,0.0,0.0,1.0
0.0,1.0,0.8137715179968703,0.0,1.0
1.0,1.0,0.0,1.0,0.0
1.0,1.0,0.0,1.0,0.0
0.0,0.0,0.0,0.0,0.7194244604316548
0.0,0.0,0.26726057906458744,0.4237288135593213,0.4626334519572955
1.0,0.9445727482678989,0.8,1.0,0.37159372419488035
0.0,0.0,0.570552147239264,0.0,1.0
0.0,0.0,0.0,0.0,1.0
1.0,0.4100946372239741,0.0,1.0,0.8876404494382035
0.0,1.0,1.0,0.0,0.0
1.0,1.0410041841004185,0.0,0.7261613691931544,0.0
0.0,0.6164383561643819,0.0,0.0,1.0
0.0,0.0,0.0,1.0,0.0
0.5389221556886166,0.641025641025641,0.9128919860627183,0.0,0.960363336085872
0.0,0.3280757097791797,0.0,0.0,0.0
1.0,1.0,0.0,0.8234456573327006,0.0
0.0,0.0,0.0,0.6956521739130435,1.0
0.8876404494382035,0.6991150442477878,0.4657534246575335,1.0,1.0
1.0,1.0,1.0,1.0000000000000029,1.0
1.0,0.0,0.7801221543586874,0.5555555555555537,0.4893617021276591
0.0,0.0,0.452261306532663,0.7860262008733616,1.0
0.4680851063829774,0.0,0.0,0.5142857142857139,0.3296703296703294
1.0,0.0,0.0,1.0,1.0
0.0,1.0,0.0,0.4248366013071895,0.6338028169014086
0.8045977011494186,0.0,1.0,1.0,0.6494688922610017
0.0,1.0,1.0,0.0,0.8187134502923977
0.960363336085872,0.0,0.2222222222222222,1.0,1.0
1.0,0.9340659340659339,0.0,0.5194805194805192,1.0
0.3983050847457624,0.0,1.0,0.0,0.0
0.8137715179968703,0.0,1.0,0.0,0.5777777777777775
0.0,0.0,0.0,1.0,0.6701030927835057
0.8490566037735848,0.0,1.0,0.9356568364611266,0.8247422680412372
0.6272727272727074,0.0,0.0,0.0,0.9999999999999958
0.0,0.0,0.0,1.0,0.24752475247524783
0.9999999999999902,0.8124999999999997,0.0,0.0,0.0
1.0,0.0,0.0,1.0,0.0
0.0,0.0,0.0,1.0,1.0
0.9226190476190469,0.7005347593582893,0.7471264367816094,0.9459459459459465,0.5311004784688995
0.0,0.0,0.0,0.0,0.0
0.8187134502923977,1.0,0.0,0.0,0.0
0.0,0.9999999999999992,0.0,0.0,0.7592975206611567
1.0,0.0,0.0,0.0,0.8490566037735848
0.7413394919168591,0.0,0.0,0.6991150442477878,1.0
0.0,0.0,0.0,0.0,1.0
0.0,0.40697674418604757,1.0,0.0,0.0
1.0,0.0,0.9226190476190469,0.9107611548556434,0.5138339920948616
0.0,0.6338028169014086,0.0,0.0,0.2908855850032316
0.0,0.0,0.0,1.0,1.0
0.6694560669456069,0.0,0.8477157360405848,0.0,0.8
0.9999999999999853,0.0,0.0,0.0,1.0
0.4213649851632046,1.0,0.5762711864406784,0.9799999999999991,0.999999999999993
0.6756756756756764,1.0000000000000004,0.0,0.8083832335329342,0.9396551724137958
0.0,1.0,0.0,1.0,0.0
0.0,0.20348837209302303,0.0,1.0,1.0
0.0,0.5494505494505495,0.8132530120481928,0.580838323353294,0.0
1.0,0.0,1.1111111111111103,0.8247422680412372,1.0
1.0,0.9356568364611266,0.4213649851632046,0.0,0.5147058823529351
0.0,0.0,0.0,0.0,0.0
0.0,0.0,0.0,0.9999999999999853,0.0
0.596330275229358,0.0,0.0,0.792207792207791,0.0
0.3614457831325297,1.0,0.0,0.8187134502923977,0.0
0.0,0.0,0.0,0.0,1.0
0.5762711864406784,0.0,0.6393622869708572,0.0,0.0
0.0,0.0,0.0,0.0,0.0
0.0,0.0,0.0,0.829268292682927,0.0
0.0,0.0,0.0,0.0,0.570552147239264
0.0,0.0,0.0,0.4385964912280695,1.0
0.8045977011494186,1.0,0.2908855850032316,0.6565656565656572,0.0
0.5808383233532933,1.0,1.0,0.0,1.0000000000000007
0.0,1.0,1.0,0.0,1.0
0.0,0.6272727272727074,0.4268292682926817,0.5138339920948625,0.8007909045971326
1.0000000000000029,0.6338028169014086,0.0,1.0,1.0417422867513557
1.0,0.8823529411764703,0.0,0.0,0.9999999999999992
1.0,0.0,0.0,1.0,1.0
0.8144796380090497,1.0,0.0,0.0,1.0
0.8731756416708606,1.0,0.7225769007544981,0.0,0.0
1.0,0.0,0.0,1.0,1.0000000000000004
1.0,0.3928571428571424,0.0,1.0,0.0
0.0,0.8144796380090497,0.6783919597989944,0.0,0.0
0.0,0.41860465116279083,0.99999999999999,0.0,1.0
0.0,0.0,1.0,0.557939914163091,0.6568627450980147
0.0,0.7894736842105267,1.0,0.0,0.0
0.2222222222222222,0.0,0.8045977011494186,1.0,0.0
0.4893617021276591,0.0,0.0,0.8083832335329342,1.0
0.9999999999999853,0.0,1.0577367205542723,1.0,0.6433990895295904
0.0,1.0,0.0,0.0,0.0
0.0,0.9999999999999996,0.0,1.0,0.97560975609756
0.9761606022584595,0.792207792207791,0.6991150442477878,0.0,1.0
0.9603633360858788,0.0,1.0,0.0,0.0
0.0,0.6287425149700595,0.7591480065537863,0.0,0.8057553956834533
0.7153284671532859,0.0,0.0,0.0,0.0
0.0,0.0,0.0,0.0,1.0
0.6818181818181808,0.0,0.0,0.0,0.0
0.7592975206611567,0.6287425149700595,0.8007909045971326,0.792207792207791,1.0
0.0,0.9999999999999957,0.4385964912280695,1.0,0.0
0.0,0.0,0.9999999999999853,0.0,1.0
0.792207792207791,0.0,1.0000000000000007,0.0,0.9051383399209488
0.9445727482678989,0.0,0.5389221556886223,0.0,0.0
0.0,1.0,0.0,0.9952153110047844,1.0
0.0,0.914953933380582,0.0,0.0,0.7252747252747243
1.0,0.0,0.8203592814371247,0.9404466501240701,0.8372093023255812
1.0,0.0,0.0,1.0,0.9999999999999997
0.0,0.0,0.9107611548556434,1.0,1.0000000000000007
1.0,0.0,1.0,1.0,1.0
0.8247422680412372,1.0,0.0,1.0,0.596330275229358
0.633720930232558,0.8731756416708606,1.0,0.0,1.0
0.3266331658291454,1.0,0.8399014778325123,1.0,0.0
0.5610972568578553,0.0,1.0,1.0,0.0
0.0,0.0,0.3280757097791797,0.0,0.0
0.4213649851632046,0.0,1.0,0.0,0.0
0.0,0.5705521472392647,0.7252747252747243,0.0,1.0
0.0,0.8701298701298701,0.0,1.0,0.4268292682926817
0.0,0.5624999999999988,0.0,0.1694915254237305,0.0
1.0,0.0,0.798816568047334,0.0,0.0
0.0,0.0,0.0,0.6256358087487287,0.960363336085872
0.0,1.0,0.0,0.825885084155543,0.9999999999999992
0.7910906298003071,0.8203592814371247,1.0,1.0,0.8144796380090497
0.0,0.30257510729613746,0.9107611548556434,0.6287425149700606,1.0
0.0,0.0,0.4237288135593213,0.0,1.0
1.0,0.0,0.0,0.0,0.0
1.0,0.0,1.0,0.596330275229358,1.0
0.0,0.0,0.2919290211791641,0.0,0.7068062827225119
0.0,0.0,1.0,0.0,0.0
0.9169831795984812,0.2908855850032316,1.0,0.9999999999999992,1.0
0.43771043771043794,0.0,0.0,0.9445727482678989,1.0
0.0,1.0,0.0,1.0,0.7901166018878383
0.0,0.9999999999999976,1.0,1.0,0.5032679738562097
0.0,0.0,1.0,0.0,0.0
0.9067184897279265,0.0,0.9687500000000009,1.0,0.0
1.0,1.0,0.0,0.0,1.0
0.0,1.0,0.596330275229358,0.0,0.5394736842105262
0.0,0.0,1.0,0.0,0.596330275229358
0.0,1.1111111111111103,0.4385964912280695,1.0,0.0
0.0,1.0,1.0,1.0,0.0
0.0,0.8876404494382035,1.0,0.0,1.0
0.4751847940865895,0.0,0.5138339920948616,0.8144796380090497,1.0
1.0,0.0,0.0,0.0,0.0
0.0,1.0,0.8203592814371247,1.0,0.4751847940865895
1.0,1.0,0.99999999999999,0.0,0.0
1.0000000000000007,1.0,1.0,0.0,1.0
1.1111111111111103,0.2908855850032316,0.0,0.0,0.0
0.2919290211791641,0.0,0.5389221556886166,0.0,1.0
1.0,0.0,0.0,1.0,0.0
1.0,0.0,0.9067184897279265,0.5270270270270279,0.0
0.34729064039408936,0.539473684210527,0.0,0.0,0.7471264367816094
0.24752475247524783,1.0,0.0,0.0,0.0
0.8823529411764703,0.0,1.0,0.9687500000000009,1.0
1.0,0.4609929078014183,0.4751847940865895,0.0,0.0
1.0,0.0,0.20348837209302303,0.9999999999999853,0.0
0.0,0.0,0.8,0.0,0.0
0.0,0.0,0.0,0.0,0.0
0.7894736842105259,0.7591480065537867,0.0,0.0,0.0
0.8839333691563673,1.0,0.0,0.0,0.641025641025641
1.0,0.0,0.4237288135593213,1.0,0.0
0.0,0.0,1.0,0.0,0.97560975609756
0.0,1.0,0.6701030927835057,0.0,0.0
0.0,0.0,1.0,0.0,1.0
1.0,1.0,0.8837209302325582,0.0,0.81377151799687
1.0,0.0,0.0,0.0,0.97560975609756
0.5882352941176466,0.37234042553191504,0.0,0.0,0.4318936877076418
0.928571428571428,1.0,1.0,0.0,0.0
1.0,1.0,0.9940119760478942,0.0,1.0
1.0,0.8477157360405848,0.0,1.0,0.5990783410138243
0.0,0.0,0.0,0.0,0.9687500000000009
1.0,1.0,1.0,1.0,1.0
0.0,0.0,1.0,0.4100946372239741,0.0
0.0,1.0,0.0,0.0,1.0
0.8837209302325582,0.0,0.7722772277227723,0.0,0.0
0.0,0.7894736842105259,1.0,1.0,0.8045977011494186
0.0,0.0,0.0,1.0,0.9999999999999992
0.0,0.9148936170212775,0.0,0.5676855895196514,0.0
0.4248366013071895,0.8247422680412372,0.8490566037735848,0.6818181818181808,1.0
0.0,0.0,1.0,1.0,0.6276595744680847
0.0,1.0,0.0,0.0,1.0
0.9422382671480151,0.0,1.0,0.0,0.0
1.0,0.0,1.0,1.0000000000000004,0.97560975609756
0.0,0.801980198019802,0.0,0.0,0.0
0.8057553956834533,0.0,0.43771043771043794,0.9408224674021979,0.4100946372239741
0.0,0.9169831795984812,0.0,0.0,0.0
0.0,0.0,0.0,0.0,0.0
0.3571428571428573,0.0,0.0,0.0,0.0
1.0,0.1937639198218262,0.0,0.0,0.0
0.9300291545189512,0.0,0.7821782178217765,0.0,0.9067184897279265
0.6568627450980147,0.5270270270270279,0.6287425149700595,0.0,0.0
0.5624999999999988,0.9148936170212775,0.0,1.0,0.0
0.0,0.6565656565656572,0.5418994413407793,0.0,0.0
0.5844155844155787,0.0,0.507853403141359,1.0,0.0
0.0,0.0,1.0,1.0,1.0
0.0,0.6393622869708572,1.0,0.0,1.0
1.0000000000000007,0.0,1.0,0.0,0.5311004784688995
1.0,0.44871794871794857,0.0,0.5222929936305728,0.0
0.0,1.0,0.633720930232558,1.0,0.641025641025641
0.0,0.0,1.0,0.5222929936305728,1.0
0.835164835164832,1.0,0.0,0.37234042553191504,0.8187134502923977
0.0,0.0,1.0,0.0,1.0
0.0,0.0,0.0,0.0,1.0
0.0,0.9999999999999902,0.5270270270270279,0.5222929936305728,0.9999999999999996
0.43771043771043794,0.8132530120481928,0.0,0.0,0.9940119760478942
1.0,0.0,0.0,0.0,0.0
0.24752475247524783,0.0,0.0,0.0,0.0
0.0,1.0,0.0,1.0,0.3455149501661134
1.0,0.0,0.0,0.0,0.7860262008733616
0.6783919597989944,0.8267148014440437,0.0,0.9051383399209488,1.0
1.0,1.0,1.0,1.0,0.0
1.0,0.0,1.0,1.0,1.0
0.4268292682926817,1.0,1.0,0.0,0.0
1.0,0.5777777777777775,0.0,0.8,0.0
0.3280757097791797,1.0,1.0,0.0,0.0
1.0,0.0,0.0,1.0,0.7865168539325839
0.0,0.0,1.0,0.0,1.0
0.0,0.7781834778639802,0.0,1.0,0.9830508474576283
0.0,1.0,1.0,1.0,1.0
0.4268292682926817,0.0,1.0,0.9279279279279287,0.5142857142857139
0.5270270270270279,1.0,0.914953933380582,0.0,0.0
1.0,0.0,0.0,0.0,1.0000000000000004
0.9459459459459465,0.8187134502923977,1.0,1.0,0.9999999999999976
0.8477157360405848,1.0,0.0,1.0,0.8152994464016107
0.0,0.8151382823871912,0.0,0.0,0.0
0.0,1.0,0.0,0.0,0.0
1.0,0.0,1.0,0.9169831795984812,0.0
0.792207792207791,0.0,0.7973421926910298,0.835164835164832,0.9279279279279287
1.0,0.0,1.0,0.6007646095029963,1.0
0.0,0.0,0.0,0.0,1.0
0.0,0.0,0.9999999999999976,1.0,1.0
0.801980198019802,0.0,0.0,0.8876404494382035,1.0
0.0,1.0,0.24752475247524783,1.0,0.5222929936305728
0.5394736842105262,0.0,0.0,0.0,0.0
0.0,0.9169831795984812,0.7894736842105259,0.0,0.0
0.0,0.8839333691563673,0.0,0.0,0.0
0.0,1.0,1.0,0.0,1.0
0.0,1.0,1.0,0.9687500000000009,0.0
0.0,1.0,0.0,1.0,1.0
0.0,0.6565656565656572,0.7909604519774012,1.0,0.0
1.0,0.0,0.0,0.999999999999989,0.8353748162665355
0.0,1.0,1.0,0.40350877192982626,0.8974358974358974
0.9999999999999996,0.0,0.570552147239264,0.4237288135593213,0.0
0.0,0.0,0.0,0.0,0.0
0.43956043956043944,1.0,0.0,1.0,0.0
1.0,1.0,0.0,0.9226190476190469,0.0
0.0,0.5624999999999988,0.8372093023255812,1.0,0.6007646095029963
0.0,1.0,0.0,1.0,1.0
0.0,0.834710743801653,1.0,0.4268292682926817,1.0
0.539473684210527,0.0,1.0,0.0,1.0
0.0,0.0,0.53892215568865,1.0,1.0
1.0,0.8203592814371247,0.8731756416708606,0.0,1.0
0.0,0.9830508474576283,0.0,1.0,0.0
0.9999999999999957,0.0,0.7803468208092486,0.0,0.0
0.5990783410138243,0.0,0.0,0.8701298701298701,0.6433990895295904
0.7717934480843954,0.570552147239264,1.0,0.0,0.0
0.5418994413407793,1.0,0.0,0.0,0.0
0.0,0.0,1.0,0.0,0.0
0.0,0.34729064039408936,0.0,0.0,0.5762711864406784
0.0,0.580838323353294,0.0,0.0,0.0
0.49618320610687006,0.0,0.3928571428571424,1.0,1.0
0.0,0.5284552845528463,1.0,0.641025641025641,0.0
0.0,0.5624999999999988,0.0,0.0,0.0
0.0,0.0,0.8469945355191296,0.0,0.0
0.8020882771713335,0.0,0.0,0.5548705302096172,1.0
0.829268292682927,0.5371900826446279,0.6338028169014086,0.0,1.0
1.0,0.0,0.9047619047619049,1.0,0.0
0.0,0.0,0.5762711864406784,0.0,0.0
1.0,0.8152994464016107,0.0,0.0,1.0
0.9404466501240701,0.0,1.0,0.5624999999999988,0.0
0.8839333691563673,0.0,1.0,0.0,0.0
1.0,0.0,0.0,0.9404466501240701,0.0
0.0,0.0,0.0,0.0,0.9799999999999991
0.8876404494382035,0.0,0.0,0.9107611548556434,0.0
0.0,0.6783919597989944,0.8469945355191296,0.0,0.0
0.0,0.0,0.9338842975206618,0.9226190476190469,0.0
0.0,0.452261306532663,0.3296703296703294,0.0,0.0
0.0,0.0,1.0,1.0,1.0
1.0,0.0,0.20348837209302303,0.0,1.0
0.0,0.0,1.0,0.7576571735626006,1.0
1.0,0.62874251497006,0.2908855850032316,0.0,0.0
1.0,0.0,0.798816568047334,0.0,0.0
1.0,0.3340757238307349,1.0,0.0,0.9279279279279287
1.0,0.0,0.9051383399209488,1.0,0.0
1.0,1.0,0.0,0.0,0.9116735537190079
0.0,1.0,0.0,0.0,0.0
0.6433990895295904,0.0,0.0,0.6287425149700602,0.0
1.0,1.0,0.0,0.0,0.409356725146199
0.0,1.0,0.0,1.0,0.0
1.0,1.0,0.0,0.0,0.9999999999999992
0.7901166018878383,0.5555555555555537,0.0,1.0,1.0
0.9047619047619049,0.0,0.5932203389830513,0.0,0.0
0.0,1.0,0.0,0.0,0.0
0.0,0.0,0.7471264367816094,0.0,0.2222222222222222
1.0,0.0,1.0,0.8426966292134823,0.7894736842105267
0.0,1.0,1.0,0.0,0.9999999999999909
0.9169831795984812,1.0,0.9169831795984812,0.0,0.7894736842105259
0.9999999999999892,0.37234042553191504,1.0,0.6074766355140192,0.0
1.0,0.0,0.0,0.8477157360405848,1.0
1.0,1.0,0.0,1.0,1.0
1.0,1.0,0.0,0.9999999999999956,0.0
0.9999999999999992,0.0,0.8473282442748092,0.0,1.0
1.0,0.4268292682926817,0.4268292682926817,1.0,1.0
1.0,0.0,0.5301455301455303,0.0,0.0
0.6288209606986891,0.0,1.0,0.0,0.7261613691931539
1.0,0.9107611548556434,1.0,0.0,0.0
0.0,1.0,0.0,0.9445727482678989,0.0
0.7591480065537863,1.0000000000000007,1.0,0.9999999999999996,0.3672316384180787
0.6287425149700595,0.0,1.1111111111111103,1.0,0.9459459459459465
1.0,0.0,0.6288209606986891,1.0000000000000018,0.0
1.0,0.8501377410468239,1.0,1.0,0.0
0.5676855895196514,1.0,0.8280254777070064,0.0,0.0
0.9999999999999992,0.0,0.0,0.792207792207791,0.5555555555555537
1.0,0.0,1.0,0.8823529411764703,1.0
1.0,0.4751847940865895,0.8152994464016107,0.0,0.0
0.8280254777070064,0.0,0.8837209302325582,0.8513302034428796,1.0
0.0,0.6287425149700602,0.9565217391304355,0.0,0.9940119760478942
0.0,0.8000000000000009,0.999999999999987,1.0,1.0
0.0,1.0,0.2972749793559041,0.9999999999999981,0.0
1.0,1.0,0.5222929936305728,0.0,0.0
0.0,0.0,0.0,1.0,0.0
0.6276595744680847,0.6818181818181808,0.5494505494505495,0.0,1.0
0.0,0.81377151799687,0.6256358087487287,0.5389221556886166,0.5932203389830513
1.0,1.0,1.0,0.0,0.0
0.623688155922038,0.0,0.9107611548556434,0.0,0.0
1.0,0.0,0.928571428571428,0.0,0.0
0.0,0.8837209302325582,0.0,1.0,1.0
0.5555555555555537,0.0,1.0,1.0,0.0
0.0,1.0,0.0,1.0,0.8372093023255812
1.0,1.0,0.4680851063829774,0.0,0.99999999999999
1.0,0.0,0.0,0.835164835164832,0.0
0.0,1.0,0.9279279279279287,1.0,0.0
1.0,0.9279279279279287,0.0,0.0,0.0
0.0,1.0,0.9789029535864977,1.0,0.9425837320574159
1.0,1.0,0.834710743801653,0.0,0.8473282442748092
0.0,0.9338842975206618,0.834710743801653,0.0,0.5762711864406784
0.6440677966101691,0.0,0.0,0.0,0.6292134831460672
0.0,0.0,0.43771043771043794,0.8372093023255812,0.5418994413407793
0.0,1.0,1.0,1.0,1.0
0.8045977011494186,1.0,0.0,0.71451355661882,1.0
0.0,0.0,1.0,0.0,1.0
0.0,0.792207792207791,1.0,0.0,0.6276595744680847
0.4680851063829774,0.4213649851632046,0.8020882771713335,1.0,0.8469945355191296
1.0,0.0,0.0,0.0,0.0
0.0,0.0,0.0,0.0,0.0
1.0,0.0,0.24752475247524783,0.97560975609756,1.0
0.0,1.0,0.0,1.0,0.4751847940865895
1.0,1.0,0.8152994464016107,0.8267148014440437,0.9207920792079216
0.0,1.0,0.0,0.0,1.0
0.0,0.5882352941176466,0.8477157360405848,1.0,0.0
0.0,0.5467800729040097,0.0,0.5777777777777775,0.8203592814371247
0.0,0.0,0.9534883720930225,0.0,0.0
1.0,0.0,1.0,0.960363336085872,1.0
1.0,0.0,0.0,0.0,1.0
0.0,0.0,0.6565656565656572,0.0,1.0
0.9445727482678989,0.7803468208092486,0.0,0.42452830188679197,1.0
0.6547064305684992,0.0,0.0,0.0,0.9830508474576283
0.0,0.0,0.0,1.0,0.0
1.0,0.0,0.4687499999999995,0.0,0.0
1.0,0.9207920792079216,1.0,0.0,0.835164835164832
0.0,0.0,1.0,0.0,1.0
0.0,0.8469945355191296,0.7658402203856678,0.0,0.801980198019802
1.0,0.0,0.0,0.7717934480843954,1.0
0.0,0.8876404494382035,1.0,1.0,0.7865168539325839
1.0,0.8548644338118023,1.0,1.0,0.499999999999998
1.0,0.0,0.0,0.0,0.0
0.0,0.0,0.0,0.0,1.0
0.0,0.9940119760478942,0.0,0.8473282442748092,0.8187134502923977
0.5808383233532933,1.0,0.7731958762886603,0.9306930693069299,0.7153284671532859
1.0,1.0,0.6272727272727074,1.0000000000000004,0.0
0.0,0.0,0.8083832335329342,0.0,0.0
1.0,1.0,0.0,0.0,0.0
0.5705521472392647,0.623688155922038,0.0,0.0,0.0
0.0,1.0,1.0,0.9999999999999853,0.641025641025641
0.0,1.0,0.0,1.0,0.0
0.0,0.0,0.872466633712308,0.0,0.834710743801653
0.7389277389277393,1.0,1.0,0.0,0.9207920792079196
0.8477157360405848,0.0,0.0,1.0,1.0
0.0,0.0,0.8132530120481928,0.0,0.0
0.0,1.0,1.0,0.631259484066768,0.5777777777777775
0.0,0.6287425149700595,0.0,1.0,1.0
0.0,0.825885084155543,0.0,0.0,0.0
1.0,0.0,1.0,0.9067184897279265,0.0
1.0,0.0,0.808480894687791,0.8513302034428796,1.0
0.0,0.0,1.0,1.0,1.0
0.8203592814371247,1.0,0.9999999999999996,1.0,0.0
0.0,0.872466633712308,0.0,1.0,0.0
0.0,0.5882352941176466,0.0,1.0,1.0
0.0,1.0,0.999999999999993,0.9356568364611266,1.0
0.6818181818181808,0.0,0.0,0.914953933380582,1.0
0.0,0.596330275229358,1.0,0.6568627450980147,0.44554455445544533
1.0,0.9396551724137958,1.0,0.9207920792079196,1.0
0.872466633712308,1.0,1.0,0.0,0.0
0.5548705302096172,1.0,0.6818181818181808,0.0,0.7658402203856678
1.0,0.0,0.8095485210171253,1.0,0.792207792207791
0.0,0.0,1.0,0.0,1.0
1.0,0.0,0.8014184397163112,0.8426966292134823,0.0
0.0,0.0,0.8045977011494186,1.0,1.0
1.0,0.24752475247524783,0.7471264367816094,0.835164835164832,1.0
1.0,0.9226190476190469,1.0000000000000007,0.37234042553191504,0.0
0.6220095693779912,0.0,0.9036144578313251,0.0,1.0
0.0,0.6213017751479287,0.5930232558139524,0.0,1.0
0.8,0.8,1.0,0.0,0.8486600105097217
1.0,1.1111111111111103,0.53892215568865,0.0,0.7658402203856675
0.8247422680412372,0.5762711864406784,0.6883880450759426,1.0,0.8280254777070064
1.0,0.0,0.8823529411764703,0.0,0.0
0.7777777777777735,0.8701298701298701,0.0,1.0,0.0
0.0,0.0,1.0,1.0,1.0
0.0,0.0,1.0,0.0,1.0
1.0,0.0,0.8469945355191296,0.0,0.0
0.8200812536273944,1.0,0.7865168539325841,1.0,0.8
0.5882352941176466,1.0,0.9300291545189512,0.0,0.0
1.0,0.791666666666667,1.0,1.0,1.0
1.0,0.0,0.835164835164832,0.0,0.0
0.8372093023255812,0.0,1.0,0.31545741324921067,1.0
1.0,0.0,1.0,0.9565217391304355,0.0
1.0,1.0,0.4680851063829774,1.0,0.633720930232558
0.7894736842105259,0.0,1.0,0.9999999999999997,0.0
1.0,0.0,0.6287425149700606,0.0,0.6818181818181825
1.0,0.0,0.0,0.0,0.0
0.8469945355191296,0.9116735537190079,0.9067184897279265,1.0,0.0
1.0,1.0,0.9265625,0.0,0.0
1.0,0.0,1.0,0.9999999999999853,1.0
0.0,0.0,0.0,0.0,0.0
0.0,1.0,0.0,0.0,0.8
0.6276595744680847,1.0,1.0,1.0,1.0
1.0,0.3687943262411353,1.0,1.0,0.0
0.0,0.0,1.0,0.792207792207791,1.0
1.0,0.8057553956834533,1.0,0.4680851063829774,0.0
1.0,0.0,0.9207920792079196,0.4680851063829774,1.0
1.0,0.0,1.0,0.570552147239264,1.0
0.7777777777777735,0.0,1.0,0.0,0.0
1.0,1.0,0.0,0.0,1.0
0.0,0.0,1.0,1.0,0.0
0.0,1.0,0.0,0.8152994464016107,0.0
0.5930232558139524,0.0,0.0,1.0,0.8876404494382035
0.0,1.0,0.7894736842105267,1.0,0.0
1.0,0.9404466501240701,1.0,1.0,1.0
1.0,0.0,0.0,0.0,0.5990783410138254
1.0,1.0,1.0,0.0,0.7471264367816094
0.8876404494382035,1.0,1.0,1.0,0.9999999999999958
0.8876404494382035,1.0,1.0,0.0,1.0
0.0,0.0,0.8095485210171253,0.0,0.7894736842105259
0.9445727482678989,0.7848673066064367,1.0,0.6276595744680847,0.0
0.0,0.0,1.0,1.0,1.0
0.0,1.0,0.9279279279279287,0.9940119760478942,0.8280254777070064
0.0,0.0,0.0,0.8372093023255812,1.0
1.0,0.0,0.8469945355191296,1.0,0.7894736842105267
1.0,1.0000000000000004,0.0,0.6074766355140192,0.0
0.5467800729040097,0.623688155922038,1.0,0.9389312977099227,1.0
0.8490566037735848,1.0,1.0,0.8234456573327006,0.8057553956834533
1.0,1.0,0.9116735537190079,0.9169831795984812,0.0
1.0,1.0000000000000004,0.8629032258064517,0.5930232558139524,1.0
0.0,0.0,0.0,0.0,0.0
0.8055682336832176,0.6028368794326239,0.5394736842105262,1.0,1.0
0.0,1.0,0.5270270270270279,0.0,0.0
0.0,0.8701298701298701,0.33531157270029704,0.6565656565656572,0.37234042553191504
1.0,0.9445727482678989,0.8282208588957056,0.0,0.9279279279279287
0.8247422680412372,1.0,0.0,0.5882352941176466,0.0
1.0,1.0,1.0,0.6236881559220391,0.8513302034428796
1.0,0.8414634146341463,1.0,0.8477157360405848,0.0
0.8282208588957056,1.0,0.0,0.596330275229358,0.6642335766423363
1.0,0.9732620320855621,0.0,0.0,0.0
1.0,0.8974358974358974,1.0,0.0,0.8067324434126524
0.0,0.0,1.0,0.0,0.9404466501240701
1.0,0.8839333691563673,1.0,0.0,0.0
0.7954545454545455,1.0,0.5371900826446279,0.7894736842105259,0.0
1.0,0.7894736842105259,0.580838323353294,0.0,0.555555555555556
0.0,0.8132530120481928,0.0,0.0,0.8187134502923977
1.0000000000000007,1.0,0.8469945355191296,1.0,0.0
1.0,0.9459459459459465,1.0,0.0,1.0
1.0,0.0,0.9999999999999992,0.0,0.0
0.0,0.0,0.0,0.6568627450980147,1.0
0.6818181818181808,0.0,1.0,1.0,1.0000000000000004
0.999999999999989,1.0,1.0,0.0,1.0
1.0,0.9999999999999982,0.0,0.0,1.0
0.5467800729040104,0.9169831795984812,0.9999999999999958,0.8376327769347496,0.8974358974358974
1.0,0.0,0.0,0.8469945355191296,1.0
0.6568627450980147,1.0,0.0,0.0,1.0
1.0000000000000007,0.0,0.6565656565656572,1.0000000000000007,1.0
1.0,0.0,1.0,0.8974358974358974,0.0
1.0,0.9116735537190079,0.6783919597989944,0.9148936170212775,1.0
0.0,0.0,1.0,0.0,0.49999999999999867
1.0,0.8876404494382035,0.7252747252747243,1.0000000000000007,0.7777777777777735
0.9265625,0.71451355661882,0.0,0.0,0.4385964912280695
0.0,0.3455149501661134,0.0,1.0,0.0
0.9169831795984812,0.0,0.71451355661882,0.5882352941176466,1.0
0.9265625,1.0,0.8045977011494186,0.4268292682926817,0.5000000000000004
0.5494505494505495,1.0,1.0,1.0,0.835164835164832
1.0,0.7865168539325839,0.0,0.0,0.0
0.0,0.0,0.0,0.834710743801653,0.0
0.0,1.0,1.0,0.39232781168264996,0.4680851063829774
1.0,0.8477157360405848,1.0,0.6642335766423363,0.5930232558139524
1.0,0.0,1.0,0.4577822990844353,0.0
0.8000000000000009,0.0,1.0,0.9265625,0.0
0.580838323353294,0.0,1.0,0.6818181818181825,1.0
0.5808383233532933,0.0,1.0,0.0,0.0
0.9116735537190079,0.0,1.0,0.8203592814371247,0.5777777777777775
1.0,1.0,0.0,0.0,0.0
0.0,0.0,0.0,0.0,0.0
0.0,1.0,1.0,0.0,0.832146490335708
0.8187134502923977,0.0,0.0,0.0,1.0
0.0,0.0,0.9107611548556434,1.0,0.0
0.0,0.0,0.0,0.8974358974358974,0.3983050847457624
0.5460992907801423,0.0,1.0,0.0,1.0
0.8426966292134823,0.49618320610687006,0.0,0.0,0.0
0.7251707829742513,0.0,0.0,0.0,0.8469945355191296
0.7068062827225119,1.0,0.8014184397163112,0.0,1.0
1.0,1.0,0.0,1.0,1.0
0.0,1.0,0.0,0.0,0.9999999999999853
0.6883885641502291,0.6007646095029963,1.0,1.0,0.0
1.0,1.0,1.0,0.8067324434126524,0.0
0.0,0.0,0.0,0.8513302034428796,1.0000000000000007
0.0,0.3846153846153844,0.9356568364611266,0.2908855850032316,0.0
1.0,1.0,0.0,0.0,1.0
1.0,0.825885084155543,1.0,0.0,0.0
0.0,1.0,0.0,0.0,0.8469945355191296
0.0,0.0,0.0,0.46099290780141905,1.0
0.0,0.0,0.0,0.0,0.0
1.0,0.0,0.0,0.0,0.0
0.7592975206611567,0.6028368794326239,0.0,0.7068062827225119,0.8282208588957056
0.44554455445544533,0.0,0.7796101949025472,0.8,0.4268292682926817
1.0,0.801980198019802,0.0,0.8203592814371247,0.0
0.641025641025641,1.0,1.0,0.0,0.835164835164832
0.0,0.6433121019108278,0.6783919597989944,0.0,0.9300291545189512
0.0,0.0,1.0,0.0,0.0
0.0,0.0,0.0,0.6883880450759426,1.0
0.8132530120481928,1.0,1.0,1.0,0.0
0.6818181818181825,1.0,0.0,1.0,0.6007646095029963
1.0,0.9051383399209488,0.0,1.0,0.5371900826446279
0.0,0.0,1.0,0.0,0.0
1.0,0.914953933380582,0.507853403141359,0.4268292682926817,1.0
0.0,1.0,1.0,1.0,0.0
0.8083832335329342,0.0,1.0,0.0,1.0
0.9226190476190469,0.0,0.0,1.0,0.8124999999999997
0.0,0.792207792207791,1.0,1.0000000000000007,0.9300291545189512
0.0,1.0,1.0,0.0,1.0
0.0,0.0,0.0,0.0,1.0
0.0,0.9404466501240701,0.9999999999999992,0.798816568047334,0.0
1.0,1.0,0.0,0.0,1.0
0.0,0.0,0.5394736842105265,0.8,1.0
1.0,1.0,0.6276595744680847,1.0,0.0
0.0,0.0,0.0,0.0,0.0
0.6565656565656572,0.97560975609756,0.0,0.0,0.0
0.0,0.0,0.5624999999999988,0.0,1.0
0.0,0.0,1.0,0.8823529411764703,0.0
1.0,0.0,1.0,1.0,0.8876404494382035
1.0000000000000007,0.0,0.0,1.0,1.0
0.5555555555555537,1.0,0.0,0.0,0.0
1.0,0.0,0.0,1.0,0.37288135593220445
0.8055682336832176,0.0,0.0,0.0,1.0
0.0,0.914953933380582,1.0,1.0,1.0
0.4964539007092197,1.0,0.9445727482678989,0.0,1.0
1.0,0.0,0.0,1.0,0.7801221543586874
1.0,0.5418994413407799,1.0,0.0,0.0
0.0,0.37234042553191504,1.0,0.0,0.4268292682926817
0.4751847940865895,1.0,0.791666666666667,0.0,0.7738693467336687
0.0,0.8,1.0,0.8280254777070064,0.7471264367816094
0.0,0.0,0.9404466501240701,0.0,1.0
0.7973421926910298,1.0,0.0,0.0,0.0
0.0,0.0,0.9445727482678989,0.0,1.0
0.7777777777777735,0.8486600105097217,0.0,0.6287425149700595,0.9761606022584595
0.0,1.0,0.9603633360858788,0.53892215568865,0.0
1.0,0.0,0.0,0.7471264367816094,0.0
1.0,0.6549520766773161,0.8513302034428796,1.0,1.0
0.5142857142857139,0.53892215568865,1.0,1.0,0.0
0.0,1.0,0.9799999999999991,0.3455149501661134,0.6287425149700606
0.5467800729040104,1.0,0.0,0.8132530120481928,1.0
0.6007646095029963,0.7527593818984546,1.0,0.7157360406091369,0.9356568364611266
0.9107611548556434,0.0,1.0,0.5930232558139524,0.0
0.5808383233532933,1.0,0.37234042553191504,0.8187134502923977,0.0
1.0000000000000004,1.0,1.0,0.0,0.5494505494505495
1.0,0.6164383561643819,0.8477157360405848,1.0,1.0
0.0,0.5284552845528463,0.0,0.0,0.0
1.0,1.0,0.0,1.0,0.0
0.6818181818181825,0.0,1.0,1.0,0.5418994413407799
0.503875968992233,1.0,1.0,0.0,0.0
0.6843643448611787,0.8876404494382035,0.834710743801653,0.7159763313609467,0.9051383399209488
0.0,1.0,0.8333333333333326,0.0,0.7894736842105259
1.0556621880998083,0.503875968992233,0.0,0.6272727272727074,0.9067184897279265
1.0,0.0,0.0,1.0,0.0
0.0,0.8055682336832176,0.0,0.9603633360858788,0.0
1.0,0.9999999999999996,1.0,0.6164383561643819,0.0
0.5555555555555537,1.0,1.0,0.0,0.835164835164832
1.0,0.0,1.0,1.0,0.7413394919168591
1.0,0.0,1.0,1.0,0.5676855895196514
1.0,0.0,0.0,0.8876404494382035,1.0
0.8132530120481928,0.835164835164832,0.0,0.0,0.0
0.0,0.0,1.0,0.0,0.0
0.0,0.4751847940865895,0.0,0.0,0.0
0.4575163398692817,0.0,1.0,1.0,1.0
0.6565656565656572,0.5467800729040097,0.7803468208092486,0.0,0.0
1.0,0.0,0.37234042553191504,0.0,0.49618320610687006
0.8837209302325582,1.0,0.0,1.0,1.0
0.0,0.0,0.0,1.0,1.0000000000000007
0.9464809384164188,0.8839333691563673,0.6272727272727074,1.0,1.0
0.3983050847457624,1.0,0.0,0.9999999999999976,0.5460992907801423
0.6287425149700602,0.0,1.0,0.0,0.0
0.5990783410138254,0.0,1.0,0.0,0.9999999999999996
0.7865168539325839,0.5270270270270279,0.0,0.8062015503875967,0.0
0.0,1.0,1.0,0.8837209302325582,0.0
0.8333333333333326,0.0,0.3846153846153844,1.0,0.9999999999999892
0.5990783410138243,0.0,0.7948717948717949,0.8057553956834533,0.0
0.0,0.0,0.872466633712308,1.0,0.0
0.0,0.0,0.0,0.0,1.1111111111111103
0.0,0.0,1.0,0.0,0.0
0.0,0.0,0.0,0.0,1.0
0.0,0.8375,0.7894736842105259,1.0,0.0
0.0,0.6074766355140192,1.0,0.0,0.0
1.0,0.5467800729040097,0.0,0.5624999999999988,0.0
0.0,0.0,1.0,1.0,0.8067324434126524
1.0,0.8876404494382035,1.0,0.0,0.7005347593582888
0.9565217391304355,0.0,1.0,0.9940119760478942,1.0
0.0,1.0,0.0,1.0,1.0
1.0,0.0,0.0,0.0,1.0
1.0,1.0,0.0,0.9999999999999956,0.37234042553191504
0.0,0.0,0.6843643448611787,1.0,0.9107611548556434
1.0,1.0,0.8372093023255812,1.0,1.0
0.0,1.0,0.6362297496318113,0.8486600105097217,0.0
0.8372093023255812,0.0,0.7954545454545455,1.0,0.0
0.7471264367816094,0.6818181818181825,1.0,0.0,0.0
0.7471264367816094,0.0,1.0,1.0,0.0
0.0,0.0,1.0,1.0,1.0
0.0,0.5808383233532933,1.0,0.0,0.4575163398692817
0.8969957081545067,0.9999999999999982,1.0,1.0,1.0
1.0,1.0,1.0,0.8187134502923977,0.0
1.0,0.5777777777777775,1.0,1.0,1.0
1.0,0.0,1.0,0.4577822990844353,0.0
1.0,0.0,0.9999999999999992,1.0,1.0
0.0,0.8124999999999997,0.5032679738562097,0.9279279279279287,0.0
1.0,0.0,0.8376327769347496,1.0,0.5808383233532933
1.0,0.0,0.832146490335708,1.0,0.0
1.0,0.9999999999999902,0.4237288135593213,1.0,0.0
0.7471264367816094,0.8045977011494186,0.9356568364611266,0.4680851063829774,0.0
1.0,0.5808383233532933,0.0,1.0,1.1111111111111103
0.0,0.0,0.0,0.0,0.0
0.0,1.0,0.8876404494382035,1.0,0.5394736842105262
1.0000000000000004,0.0,0.0,1.0,0.9789029535864977
1.0,0.0,1.0,0.0,0.0
1.0,0.0,0.0,0.0,1.0
0.0,0.9356568364611266,0.0,1.0,1.0
0.7952871870397645,0.499999999999998,0.960363336085872,0.9603633360858788,0.9149539333805812
1.0,0.0,0.0,0.0,0.9107611548556434
1.0,1.0000000000000004,1.0,0.8469945355191296,1.0
0.39232781168264996,0.9300291545189512,0.0,0.0,1.0
0.9047619047619049,0.9999999999999976,0.507853403141359,1.0,1.0000000000000004
1.0,1.0,0.6818181818181808,1.0,0.5284552845528463
0.8187134502923977,0.623688155922038,0.8974358974358974,0.5624999999999988,0.0
0.7261613691931539,1.0,0.7037037037037036,1.0,1.0
0.5930232558139524,0.0,1.0,0.0,0.0
1.0,0.835164835164832,0.0,0.0,1.0
0.0,0.5624999999999988,0.0,1.0,0.8132530120481928
0.8144796380090497,1.0,1.0,1.0,0.730538922155689
0.9999999999999996,0.6642335766423372,0.6276595744680847,0.0,0.0
0.7305389221556937,1.0,0.0,0.0,0.0
0.5467800729040104,0.8414634146341463,0.570552147239264,0.2222222222222222,0.0
0.5460992907801423,0.0,0.0,0.0,0.0
0.8477157360405848,0.0,1.0,0.9999999999999992,0.0
0.0,0.0,1.0,1.0,1.0
0.0,0.5270270270270279,0.8203592814371247,0.0,0.0
0.8095485210171253,1.0,0.0,0.0,0.0
0.0,1.0,1.0,0.5460992907801423,1.0
0.0,0.8045977011494186,1.0,0.0,0.0
0.0,0.0,1.0,0.8200812536273944,0.0
0.0,0.0,0.0,0.0,0.914953933380582
0.2866242038216559,1.0,1.0,0.0,0.0
1.0,1.0,0.0,0.5032679738562097,1.0
0.0,1.0,0.0,0.41860465116279083,1.0
1.0,0.0,1.0,1.0,0.0
0.0,1.0,0.0,0.0,1.0
1.0,0.9815950920245291,0.0,1.0,1.0
0.0,1.0,0.0,0.4385964912280695,0.8477157360405848
1.0,0.0,0.0,1.0,1.0
1.0,0.7745696835091597,1.0,0.9226190476190469,0.5808383233532933
1.0,0.7894736842105259,1.0,0.0,1.0
0.5032679738562097,1.0,0.0,0.0,0.0
0.0,0.9999999999999936,0.0,0.0,1.0
0.0,0.9999999999999992,0.0,0.0,0.0
0.9067184897279265,1.0,0.0,1.0,1.0
0.5394736842105262,0.0,0.9534883720930225,0.6287425149700606,0.7848673066064367
0.0,1.0,1.0,0.8333333333333326,1.0
1.0,1.0,0.4751847940865895,0.6883880450759428,0.7894736842105267
1.0,1.0,0.0,0.0,1.0417422867513557
0.0,0.9999999999999937,0.0,0.7909604519774012,0.9999999999999853
1.0,0.0,1.0,0.9003632589517382,0.8187134502923977
0.0,0.0,0.8701298701298701,1.0,0.0
0.0,1.0,1.0,1.0,0.6568627450980147
0.0,0.0,0.0,0.0,0.0
0.7894736842105259,0.8125,1.0,0.5032679738562097,0.8333333333333326
0.9999999999999996,0.9999999999999912,0.8144796380090497,1.0,0.0
1.0,0.0,1.0,0.0,1.0
0.0,1.0,0.0,1.0,0.0
0.7860262008733613,0.5731707317073147,0.7738693467336687,1.0,1.0
0.6565656565656572,1.0,0.8823529411764703,1.0,1.0
0.6549520766773161,1.0,0.0,0.0,1.0
0.0,1.0,1.0,1.0,0.0
0.8486600105097217,1.0,0.5147058823529351,0.0,1.0
1.0,0.0,1.0,1.0,0.0
1.0,0.0,0.834710743801653,0.0,0.0
1.0,0.7540725170782967,1.0,0.8144796380090497,0.7658402203856675
1.0,1.0,0.0,0.5032679738562097,1.0000000000000004
0.0,0.0,1.0,0.835164835164832,0.0
0.0,0.5494505494505494,1.0,0.0,0.0
1.0,0.8,0.5394736842105262,0.9300291545189512,1.0
0.0,1.0,1.0,1.0,1.1111111111111103
0.8333333333333326,1.0,0.5239616613418528,0.0,0.570552147239264
1.0,0.0,1.0,0.6547064305684994,1.0
0.0,0.9067184897279265,0.0,1.0,0.0
0.7471264367816094,0.5777777777777775,0.0,1.0,0.999999999999989
0.0,1.0,0.7894736842105259,1.0,0.0
1.0,0.0,0.0,1.0,0.9999999999999958
1.0,0.0,1.0,0.570552147239264,0.0
0.8375,1.0,1.0,0.2222222222222222,0.0
0.9107611548556434,1.0,0.8203592814371247,1.0,1.0
1.0,0.0,0.5460992907801423,0.71451355661882,0.0
1.0,0.0,0.8280254777070064,0.8095485210171249,0.6164383561643819
0.8375,1.0,0.0,0.8055682336832176,1.0
0.0,0.0,0.0,1.0,1.0
1.0000000000000004,1.0,0.6568627450980147,0.8055682336832493,1.0
0.5624999999999988,0.0,0.6818181818181808,1.0,0.5930232558139524
0.0,0.0,0.6565656565656572,0.0,0.0
0.0,0.5555555555555537,1.0,0.0,0.8376327769347496
0.0,0.6818181818181825,0.0,1.0,0.0
0.0,1.0,1.0,0.6568627450980147,0.7848673066064367
1.0,1.0,1.0,0.5032679738562097,0.0
0.0,1.0,0.7658402203856675,1.0,0.0
1.0,1.0000000000000018,1.0,0.0,0.8701298701298701
0.0,0.9999999999999936,0.0,1.0,0.0
1.0,0.0,0.0,0.641025641025641,0.8731756416708606
0.798816568047334,0.792207792207791,0.6991150442477878,0.8477157360405848,0.7894736842105267
0.0,1.0,0.7894736842105259,0.9107611548556434,1.0
1.0,0.0,0.8701298701298701,1.0,0.0
0.580838323353294,0.8473282442748092,0.8267148014440437,0.0,1.0
0.0,0.0,0.0,0.832146490335708,1.0
0.539473684210527,1.0,0.6272727272727074,1.0,0.8473282442748092
1.0,0.0,0.8151382823871912,1.0,0.0
0.0,1.0,1.0,0.0,0.8007909045971326
1.0,0.801980198019802,1.0,0.0,0.0
0.0,0.8501377410468239,1.0,0.99999999999999,0.5808383233532933
1.0,0.8095485210171253,0.9425837320574159,0.0,0.0
0.0,1.0,0.7796101949025472,1.0,0.0
0.730538922155689,0.0,1.0,0.5882352941176466,0.0
0.8045977011494186,0.0,0.0,1.0,0.8055682336832176
0.0,1.0,0.0,0.0,1.0
0.0,1.0,0.8233438485804407,0.835164835164832,0.5555555555555537
0.0,0.872466633712308,0.0,1.0,0.0
0.0,1.0,0.8486600105097217,0.0,0.960363336085872
0.0,0.9999999999999994,1.0,0.5930232558139524,0.6276595744680847
1.0,0.0,0.0,0.0,0.4385964912280695
0.8132530120481928,0.0,0.0,1.0,1.0
0.5418994413407799,0.0,0.0,0.5624999999999988,0.0
0.0,0.0,0.0,1.0,0.8969957081545067
1.0,1.0,0.0,0.9338842975206618,0.4682080924855492
1.0,0.8823529411764703,0.0,0.0,0.0
0.0,1.0,0.0,0.0,1.0
0.8427480916030533,0.7865168539325841,0.0,0.5731707317073147,0.5930232558139524
1.0,0.7865168539325839,0.8353748162665355,0.9732620320855621,0.0
0.0,0.6007646095029963,0.0,0.0,0.0
0.5968992248061826,0.0,0.0,0.570552147239264,0.0
1.0,0.0,1.0,1.0,1.0
1.0,0.0,0.0,1.0,0.4385964912280695
0.0,0.0,0.0,1.0,0.8132530120481928
1.0,0.0,1.0,0.9999999999999996,0.0
1.0,1.0,0.0,0.0,0.0
0.9447949526813841,0.0,1.0,0.9999999999999909,0.5624999999999988
0.0,1.0,1.0,1.0,1.0
0.8486600105097217,1.0,1.0,0.8414634146341463,0.0
1.0,0.8067324434126524,0.44554455445544533,1.0,1.0
0.4395604395604395,0.999999999999989,1.0,1.0,0.9732620320855621
0.0,0.0,0.0,0.0,0.5968992248061826
0.9999999999999946,1.0,0.8057553956834533,1.0,0.835164835164832
1.0,0.0,0.7305389221556937,1.0,0.0
1.0,1.0,0.0,0.9226190476190469,1.0000000000000007
1.0,0.8055682336832405,0.2966101694915249,0.0,1.0
0.0,0.798816568047334,0.9356568364611266,0.0,0.792207792207791
0.0,0.0,0.0,0.5777777777777775,1.0
0.8203592814371247,0.0,0.679817905918058,1.0,0.4237288135593213
0.0,0.0,1.0,1.0,1.0
0.0,0.6287425149700602,0.5624999999999988,0.0,1.0
0.0,0.0,0.0,0.0,1.0
0.9999999999999997,0.801980198019802,1.0,0.0,0.6288209606986891
0.0,1.0,0.503875968992233,1.0,1.0
0.0,0.0,0.0,1.0,1.0
1.0,0.7471264367816094,0.0,0.0,0.8020989505247378
0.9534883720930225,1.0,1.0,0.0,0.5371900826446279
1.0,1.0,1.0,0.0,1.0
0.0,1.0,0.0,0.8501377410468239,0.0
0.9761606022584595,0.8969957081545067,0.0,0.9999999999999902,0.0
0.0,1.0,0.6213017751479287,0.6836158192090394,0.0
1.0,1.0,0.0,1.0,0.7796101949025488
0.0,0.8376327769347496,0.0,0.798816568047334,0.9999999999999996
0.6362297496318113,1.0,1.0,0.0,0.5032679738562097
1.0,0.0,0.0,0.5371900826446279,1.0
0.4385964912280695,1.0,1.0,0.8057553956834533,0.0
0.5762711864406784,0.0,0.5808383233532933,1.0,0.0
0.8501377410468239,0.49999999999999867,0.5460992907801423,0.880382775119617,0.0
1.0000000000000004,1.0,0.2222222222222222,1.0,0.5555555555555537
0.0,0.555555555555556,1.0000000000000004,1.0,1.0
1.0,0.0,0.5968992248061826,0.0,0.0
0.0,1.0,0.0,1.0000000000000007,0.38443616029822936
0.8152994464016107,1.0,0.0,0.0,0.0
0.7647058823529425,0.0,0.0,0.8473282442748092,0.0
0.835164835164832,0.4237288135593213,1.0,0.0,0.3571428571428542
0.0,0.0,0.0,0.0,1.0
1.0,1.0,0.0,1.0,1.0
0.0,0.6568627450980147,0.0,0.8486600105097217,1.0
0.7389277389277393,1.0,1.0,0.0,0.7157360406091374
0.0,0.9999999999999994,0.0,0.0,1.0
1.0,0.0,0.5882352941176466,0.0,0.0
0.0,1.0,1.0,0.5762711864406784,0.0
0.9226190476190469,0.4385964912280695,0.6007646095029963,1.0,0.0
0.8375,0.7185929648241204,0.0,0.9425837320574159,0.7389277389277388
1.0,0.0,0.0,0.0,0.9067184897279265
0.3983050847457624,0.8701298701298701,0.5494505494505495,1.0,1.0
1.0,0.9999999999999958,0.0,0.0,1.0
0.5394736842105262,0.0,1.0,1.0,0.0
1.0,0.0,0.0,0.9356568364611266,1.0
1.0,0.8096343586767268,1.0,1.0,1.0
0.0,0.0,1.0,1.1111111111111103,0.0
0.7305389221556937,1.0,0.999999999999989,0.0,0.0
0.0,1.0,0.0,0.7865168539325841,0.0
0.0,1.0,0.0,1.0,1.0
1.0,0.0,1.0,1.0,1.0
0.0,0.0,0.9999999999999939,1.0,1.0
0.8372093023255812,0.9999999999999997,0.0,0.8247422680412372,0.4245283018867915
0.0,0.7848673066064367,0.834710743801653,1.0,1.0
0.555555555555556,0.8837209302325582,1.0,0.6272727272727074,0.9761606022584595
0.0,0.7894736842105259,0.0,0.0,0.9732620320855621
1.0,1.0,0.7973421926910298,0.7781834778639802,0.0
1.0,0.0,1.0,0.0,1.0
0.8876404494382035,0.5394736842105265,1.0,0.8203592814371247,0.872466633712308
0.24752475247524783,1.0,1.0,0.0,0.0
0.2222222222222222,0.7860262008733616,1.0,1.0,1.0
0.9999999999999939,0.872466633712308,0.6625766871165643,1.0,0.9999999999999996
0.6338028169014086,0.0,1.0,0.801980198019802,1.0
0.7995139732685308,1.0,1.0,0.0,0.0
0.0,0.0,0.0,1.0,0.0
1.0,0.0,1.0,0.0,0.8477157360405848
0.6007646095029963,0.0,1.0,0.8187134502923977,0.5808383233532933
1.0,1.0,0.0,0.9712505989458556,0.0
1.0,0.0,1.0,0.6338028169014086,1.0
1.0,0.8974358974358974,0.0,0.0,0.7738693467336687
0.0,1.0,0.9116735537190079,1.0,0.0
0.580838323353294,1.0,0.0,1.0,0.0
1.0,0.0,0.0,1.0,0.8282208588957056
0.7796101949025488,0.6338028169014086,1.0,0.5270270270270279,0.0
0.6272727272727074,0.8132530120481928,0.0,1.0,1.0
0.5777777777777775,0.0,1.0,0.0,0.5762711864406784
0.9999999999999982,0.44554455445544533,0.0,0.798816568047334,0.7153284671532859
1.0,0.8490566037735848,0.9356568364611266,0.0,0.5624999999999988
1.0,0.5032679738562097,0.6762360446570972,1.0,0.8280254777070064
0.0,0.0,1.0,1.0,0.999999999999987
1.0,0.0,0.0,0.0,1.0
0.0,1.0,1.0,0.0,0.0
0.0,0.6272727272727074,0.0,1.0,0.9116735537190079
0.0,0.0,0.9356568364611266,0.8095485210171253,0.6287425149700595
0.0,0.9116735537190079,0.8839333691563673,0.872466633712308,0.3488372093023256
0.0,0.9356568364611266,0.0,1.0,1.0
0.0,0.0,0.24752475247524783,1.0,0.8234456573327006
1.0,1.0,1.0,0.2866242038216559,0.0
0.0,0.9999999999999853,0.0,0.0,0.9356568364611266
0.0,0.0,0.580838323353294,0.8020882771713335,0.641025641025641
1.0,0.0,0.0,1.0,0.0
0.0,0.0,0.49999999999999867,1.0,0.6991150442477878
1.0,1.0,1.0,0.8823529411764703,0.0
1.0,1.0,1.0,0.0,0.7973421926910298
0.0,1.0,1.0,0.0,0.5032679738562097
0.0,1.0,0.5624999999999988,0.6568627450980147,0.0
1.0,0.0,0.0,0.0,1.0
0.0,0.0,1.0,0.8469945355191296,0.5777777777777775
0.0,1.0,1.0,0.791666666666667,0.8144796380090497
1.0,1.0,1.0,0.7865168539325839,0.463439752832132
0.8045977011494186,0.0,1.0,0.0,1.0
0.4268292682926817,0.0,1.0,0.463439752832132,0.0
0.0,1.0,0.0,1.0,0.0
0.0,0.0,0.8095485210171253,0.0,0.0
0.0,0.0,0.0,0.0,0.0
1.0,0.0,0.0,0.4751847940865895,0.0
0.0,0.0,0.0,0.0,0.0
0.9207920792079216,0.0,0.0,1.0,0.5808383233532933
0.570552147239264,0.4395604395604399,1.0,0.0,1.0
1.0,0.0,0.641025641025641,0.0,1.0
0.0,0.0,0.0,1.0335349092908097,0.0
0.0,1.0,0.8469945355191296,0.5494505494505494,0.6568627450980147
0.8014911463187323,1.0,0.0,0.0,1.0
0.5241110569897709,0.5624999999999988,0.0,0.0,0.6783919597989944
0.0,0.9149539333805812,1.0,0.5882352941176466,1.0
0.8839333691563673,0.0,0.0,0.0,0.0
0.0,0.0,0.7865168539325839,1.0,0.8067324434126524
0.6272727272727074,0.0,0.9999999999999958,1.0,0.0
0.872466633712308,0.0,0.8125005866276285,1.0,1.0
0.834710743801653,0.9404466501240701,0.0,1.0,0.0
0.0,0.8353748162665355,0.0,1.0,0.5808383233532933
0.0,0.0,0.0,0.0,0.0
1.0,0.0,0.2222222222222222,0.5555555555555537,0.0
0.0,1.0,1.0,0.0,0.834710743801653
1.0,0.8486600105097217,0.6568627450980147,1.0,0.0
1.0,0.0,0.0,0.0,0.0
0.49999999999999867,1.0,1.0,0.8333333333333326,1.0
0.9999999999999996,0.4680851063829774,1.0,0.0,1.0
0.0,0.7995139732685308,0.0,0.0,0.0
0.9445727482678989,0.9999999999999994,1.0,0.0,0.7252747252747243
1.0,0.0,0.7738693467336687,0.5032679738562097,1.0
0.0,1.0,0.8045977011494186,0.8974358974358974,1.0
1.0,0.8280254777070064,0.0,0.0,0.0
0.0,1.0,1.0,1.0,1.0
0.9356568364611266,0.9999999999999958,0.8473282442748092,1.0,0.7865168539325839
1.0,1.0,0.0,0.0,0.6843643448611787
0.0,0.6686390532544377,0.0,1.0,0.825885084155543
0.0,0.0,0.8045977011494186,0.8203592814371247,0.0
1.0,1.0,0.6276595744680847,0.5113636363636352,1.0
1.0,0.5460992907801423,1.0,1.0,0.6393622869708572
1.0,0.0,1.0,0.9783132530120499,1.0
0.9300291545189512,0.7389277389277393,0.8501377410468239,0.0,0.9047619047619049
1.0,0.9999999999999939,1.0,0.9999999999999902,0.0
0.0,0.8095485210171249,1.0,0.0,1.0
0.8486600105097217,0.37234042553191504,1.0,1.0,0.8513302034428796
1.0,0.0,1.0,0.8,0.8839333691563673
0.0,0.999999999999987,0.0,0.0,0.5808383233532933
1.0,1.0,0.0,0.8876404494382035,0.8132530120481928
0.0,0.0,0.6276595744680847,1.0,0.0
1.0,0.0,0.0,0.0,1.0
1.0,1.000000000000001,0.39232781168264996,1.0,0.9999999999999909
0.8839333691563673,1.0,1.0,0.8333333333333326,0.9999999999999958
0.0,0.6547064305684992,0.8376839107736118,1.0,1.0
1.0,0.8084808946877914,0.834710743801653,1.0,0.2222222222222222
0.0,0.0,0.0,1.0,0.0
0.8823529411764703,0.0,1.0,1.0,1.0
0.0,0.0,0.6568627450980147,0.730538922155689,0.0
0.9830508474576283,0.0,0.7860262008733616,0.0,1.0
1.0,0.9999999999999961,0.0,0.9107611548556434,0.0
0.0,0.0,1.0,0.46777546777546736,0.0
0.0,0.0,0.0,0.0,0.5394736842105273
0.8839333691563673,0.71451355661882,0.0,0.9107611548556434,0.0
1.0,0.6543209876543191,1.0,1.0,0.0
1.0,0.792207792207791,0.6543209876543191,0.8469945355191296,1.0
0.641025641025641,1.0,0.0,1.0,1.0000000000000029
0.49618320610687006,0.0,0.0,0.0,0.0
0.0,1.0,0.6073184052430293,0.7803468208092486,0.8372093023255812
0.0,0.0,1.0,0.0,0.0
0.0,0.0,0.0,0.914953933380582,0.0
0.9999999999999958,0.6433121019108278,0.0,0.0,0.6276595744680847
0.8096343586767268,0.8490566037735848,1.0,0.7894736842105259,0.872466633712308
0.0,1.0,0.0,0.6883885608651372,1.0
1.0,1.0,0.8067324434126524,0.0,0.0
0.5172413793103446,0.44554455445544533,0.0,0.0,0.0
0.0,1.0,1.0,1.0,1.0
0.42452830188679197,1.0,0.7945013979496738,0.8477157360405848,0.9999999999999902
0.2222222222222222,0.0,0.9999999999999912,1.0,1.0
1.0,1.0,0.9999999999999996,1.0,0.37234042553191504
0.0,1.0,0.7252747252747243,1.0,0.8376327769347496
0.0,0.0,0.0,0.46831314072693375,0.6272727272727074
1.0,1.0417422867513557,0.6312056737588655,0.0,0.6276595744680847
1.0,1.0,1.0,1.0,0.0
1.0000000000000029,0.9999999999999968,0.547491475888943,0.0,0.0
0.0,1.0,0.0,0.7305389221556937,1.0
0.8045977011494186,1.0,0.0,0.7738693467336687,1.0
0.5808383233532933,0.0,0.0,0.0,0.0
1.0,1.0,0.0,0.0,0.7821782178217765
0.0,0.0,0.7894736842105259,0.0,1.0
1.0,0.9999999999999996,0.0,0.9338842975206618,0.0
1.0,0.0,1.0,0.8701298701298701,0.6272727272727074
1.0,0.0,0.0,0.0,0.37288135593220445
0.9067184897279265,1.0,1.0,0.0,0.7848673066064367
0.0,0.0,0.570552147239264,0.0,0.0
0.8375,1.0,0.37075180226570503,1.0,0.0
0.0,1.0,1.0,0.0,1.0
0.8513302034428796,0.0,0.0,1.0,0.0
1.0,1.0,0.5172413793103446,1.0,0.0
0.6818181818181808,0.7471264367816094,0.7527593818984546,0.0,0.6213017751479287
1.0,1.0,0.798816568047334,1.0,0.0
1.0,0.9226190476190469,0.8701298701298701,0.8469945355191296,0.0
0.0,1.0,0.0,0.7865168539325841,0.0
0.6338028169014086,0.999999999999987,0.0,1.0,0.0
0.8045977011494186,1.0,0.0,0.8132530120481928,0.0
0.9008264462809918,1.0,0.914953933380582,0.0,0.0
0.3846153846153844,0.5808383233532933,0.0,0.0,0.8490566037735848
0.0,0.8045977011494186,0.0,1.0,0.0
0.4237288135593213,0.8473282442748092,1.0,0.6287425149700595,0.8882737795671868
0.0,1.0,1.0,0.9999999999999992,0.0
1.0,0.6818181818181808,0.0,0.0,0.9999999999999996
0.9300291545189512,0.9226190476190469,1.0,0.5808383233532933,0.6836158192090394
1.0,1.0,1.0,1.0,0.0
1.0,1.0,0.0,0.0,0.0
0.0,1.0,0.41860465116279083,1.0,1.0
0.0,1.0,1.0,1.0,0.0
0.5930232558139524,1.0,0.0,0.6818181818181808,1.0
0.8701298701298701,0.5460992907801423,1.0,1.0,0.6236881559220391
0.0,1.0,1.0,0.0,0.0
0.8247422680412372,0.0,1.0,1.0,0.71451355661882
0.8067324434126524,0.6089385474860309,0.8247422680412372,1.0,1.0
0.5371900826446279,1.0,0.7945013979496733,0.0,1.0
0.4680851063829774,0.8144796380090497,1.0,0.0,0.0
0.2866242038216559,0.9116735537190079,0.0,0.0,1.0
1.0,0.0,1.0,0.8,0.0
0.0,1.0,0.0,0.0,1.0
0.0,0.9207920792079216,1.0,0.0,0.0
1.0,1.0,0.5930232558139524,0.7471264367816094,0.0
1.0,0.0,0.0,0.0,1.0
0.9999999999999982,0.8701298701298701,0.0,0.7860262008733616,0.0
0.8233438485804407,0.5882352941176466,1.0,0.9116735537190079,0.0
0.0,0.9999999999999997,0.8376327769347496,1.0,0.0
0.0,0.9999999999999961,1.0,0.0,1.0
0.0,1.0,0.791666666666667,0.0,1.0
0.0,0.8513302034428796,1.0000000000000004,0.0,0.0
1.0,1.0,1.0,0.0,0.0
1.0,0.0,0.6287425149700606,0.9999999999999853,1.0
0.97560975609756,1.0,0.0,0.999999999999989,1.0
0.9445727482678989,0.9338842975206618,1.0,0.0,0.791666666666667
0.0,0.8372093023255812,0.0,0.0,0.872466633712308
0.0,1.0,0.8501377410468239,0.9445727482678989,1.0
0.0,1.0,1.0,1.0504347826086957,0.0
0.0,1.0,0.0,1.0,1.0
0.834710743801653,0.801980198019802,0.49999999999999867,0.9226190476190469,1.0
0.97560975609756,0.0,0.99999999999999,0.0,0.0
1.0,1.0,0.7803468208092486,1.0,0.0
0.0,0.0,0.0,0.0,0.5494505494505494
0.8247422680412372,0.0,1.0,0.0,0.0
0.880382775119617,0.0,0.6287425149700595,0.999999999999989,0.0
0.4751847940865895,1.0,0.8486600105097217,0.9999999999999853,0.0
0.8095485210171249,0.0,0.0,0.791666666666667,0.8247422680412372
0.0,1.0,0.9067184897279265,0.0,0.0
0.0,0.0,0.0,0.0,1.0
0.6568627450980147,0.8234456573327006,0.0,0.0,0.0
1.0,0.0,1.0,0.0,0.0
0.0,0.0,0.8823529411764703,0.0,0.0
0.0,1.0,0.0,1.0,0.0
0.0,0.45918367346938715,0.4687499999999992,0.8095485210171253,0.7252747252747243
1.0,0.7952871870397645,1.0,1.0,1.0
1.0,0.798816568047334,0.6338028169014086,0.7821782178217765,0.0
0.7471264367816094,0.8490566037735848,1.0000000000000004,0.9783132530120499,1.0
0.5389514943655067,0.0,1.0,0.8067324434126524,0.835164835164832
0.0,1.0,0.0,1.0,0.0
1.0,1.0,0.9999999999999996,0.6818181818181825,0.0
0.0,1.0,1.0,1.0,0.0
0.0,1.0,1.0,0.0,0.0
0.0,1.0,0.8055682336832493,0.0,0.44339622641509563
0.0,0.0,0.4268292682926817,0.7738693467336687,0.0
0.0,0.0,1.0,0.6818181818181808,0.5705521472392647
1.0,1.0,0.0,0.9107611548556434,0.6089385474860303
0.0,1.0,0.829268292682927,0.0,1.0
0.0,0.6276595744680847,0.0,1.0,0.0
0.0,1.0,0.0,1.0,0.8477157360405848
0.0,0.0,0.0,1.0,1.0
1.0,0.9207920792079216,0.0,0.0,0.0
0.499999999999998,0.0,1.0,0.0,0.0
0.9999999999999912,0.5882352941176466,0.6287425149700606,1.0,1.0
1.0,1.0,0.8055682336832493,1.0,0.0
0.0,0.0,1.0,1.0,0.7803468208092486
1.0,0.0,0.6565656565656572,1.0,0.0
1.0,0.0,1.0000000000000007,0.825885084155543,1.0
0.5032679738562097,0.0,0.5270270270270279,0.0,0.9603633360858788
1.0,0.0,0.792207792207791,0.0,1.0
0.0,0.8473282442748092,0.0,1.0,1.0
0.4680851063829774,0.0,0.8132530120481928,0.0,0.0
0.0,1.0,0.9999999999999992,1.0,0.0
1.0,1.0,0.8477157360405848,0.6272727272727074,0.8513302034428796
0.39232781168264996,0.2222222222222222,1.0,0.6818181818181808,0.7848673066064367
1.0,0.0,0.9445727482678989,1.0,1.0
0.0,1.0,1.0,1.0,0.7801221543586874
0.8144796380090497,0.6433121019108278,1.0,1.0,1.0
0.9999999999999912,0.7860262008733616,0.9783132530120499,0.8477157360405848,1.0
0.0,0.0,0.0,0.7865168539325839,0.872466633712308
1.0,0.8513302034428796,0.5270270270270279,1.0,0.791666666666667
0.9999999999999976,0.8823529411764703,1.0,0.5418994413407799,0.8701298701298701
0.0,0.7894736842105259,0.0,1.0,0.6287425149700606
1.0,0.0,0.0,0.0,0.4395604395604399
0.0,1.0000000000000004,0.0,0.0,0.0
1.0,1.0,0.8372093023255812,0.872466633712308,0.7894736842105259
1.0,0.0,1.0,1.0,0.8375
0.8055682336832176,1.0,0.0,0.0,0.0
0.3983050847457624,0.0,1.0,0.0,0.8486600105097217
0.0,0.46099290780141905,1.0,0.0,0.0
0.0,0.0,1.0,1.0,0.0
0.0,0.808480894687791,1.0,0.0,0.6625766871165643
0.0,0.623595505617977,0.9999999999999956,0.0,0.8045977011494186
0.5882352941176466,0.0,0.6074766355140192,0.5624999999999988,0.8375
0.0,1.0,0.8,1.0,1.0
0.0,0.9300291545189512,1.0,1.0,0.792207792207791
0.0,0.0,1.0,0.0,0.0
0.0,1.0000000000000018,0.0,1.0,0.0
0.914953933380582,1.0,0.0,1.0,0.0
0.37234042553191504,0.0,1.0000000000000004,0.9226190476190469,1.0
1.0,0.8731756416708606,0.8014184397163112,1.0000000000000007,1.0
0.6818181818181808,0.8839333691563673,1.0,1.0,1.0000000000000013
0.7252747252747243,0.9356568364611266,0.0,0.5243902439024373,0.7954545454545455
1.0,1.000000000000001,1.0,1.0,0.0
1.0,0.0,1.0,1.0,1.0
1.0,0.0,0.0,0.4395604395604395,1.0
1.0,0.8144796380090497,1.0,0.0,1.0
1.0,0.7252747252747243,0.0,1.0,0.0
0.0,1.0,1.0,1.0,0.0
0.8055682336832405,0.5777777777777775,1.0,0.5882352941176466,0.960363336085872
0.4268292682926817,1.0,0.0,0.9116735537190079,1.0
0.0,1.0,0.9999999999999996,1.0,0.8333333333333326
0.5394736842105262,0.0,1.0,0.0,0.8
1.0,1.0,0.3488372093023254,1.0,0.8067324434126524
0.0,1.0,0.8132530120481928,0.6164383561643819,0.8486600105097205
0.4245283018867921,0.8132530120481928,1.0,0.872466633712308,0.0
1.0,0.8490566037735848,0.8372093023255812,0.9445727482678989,1.0
0.7471264367816094,0.0,0.0,0.0,1.0
1.0,1.0,0.8000000000000009,0.0,0.6642335766423363
0.0,1.0,0.999999999999993,0.9207920792079216,1.0
1.0,1.0,0.0,1.0,0.0
0.6818181818181808,0.5968992248061826,0.0,0.6818181818181825,0.0
0.0,1.0,0.798816568047334,1.0,0.914953933380582
0.0,0.6338028169014086,0.7894736842105267,1.0,0.0
0.6338028169014086,1.0,0.0,0.5930232558139524,0.0
0.0,1.0,0.0,0.5968992248061826,0.8372093023255812
0.9534883720930225,1.0,1.0000000000000029,0.7389277389277393,0.9999999999999853
0.9404466501240701,0.0,0.0,0.3846153846153844,0.5394736842105265
0.49999999999999867,1.0,1.0000000000000007,0.6287425149700595,0.44339622641509563
1.0,0.0,0.0,0.0,1.0
0.798816568047334,0.7894736842105259,1.0,0.0,1.0
1.0,0.8501377410468239,0.0,0.8375,0.5808383233532933
0.792207792207791,1.0,1.0,1.0,0.0
0.8376839107736118,0.6625766871165643,0.8187134502923977,1.0,0.4268292682926817
1.0,1.0,0.7471264367816094,0.0,0.0
0.808480894687791,0.6272727272727074,0.8,0.8473282442748092,1.0
1.0,1.0,1.0,0.0,1.0
0.7251707829742513,1.0,1.0,1.0,0.7185929648241209
1.0,1.0,1.0,0.0,0.8055682336832493
0.7305389221556937,1.0,0.0,1.0,1.0
0.0,0.0,1.0,1.0,0.0
0.0,0.9783132530120499,1.0,1.0,1.0
0.4385964912280695,1.0,1.0,0.0,1.0
0.8057553956834533,1.0,0.0,0.37234042553191504,0.0
1.0,1.0,0.7157360406091374,0.0,0.0
1.0,0.0,1.0,0.0,1.0
1.0,1.0,0.0,0.5494505494505498,0.5882352941176466
0.5494505494505498,1.0,0.9338842975206618,0.0,0.9999999999999853
0.0,1.0,0.0,1.0000000000000016,1.0
1.0,0.8974358974358974,0.0,0.6883880450759426,0.8132530120481928
0.0,0.9999999999999902,1.0,0.3396226415094339,1.0
0.8203592814371247,0.9356568364611266,0.999999999999989,0.0,0.9300291545189512
1.0,0.9534883720930225,0.9404466501240701,1.0,0.0
0.960363336085872,0.0,0.9999999999999976,0.0,0.0
0.4385964912280695,0.8055682336832493,0.0,1.0,0.0
0.0,1.0,0.5808383233532933,0.7865168539325839,0.0
0.0,1.0,1.0,0.0,0.3983050847457624
0.6818181818181808,1.0,1.0,0.0,1.0
1.0,0.0,0.0,0.5460992907801423,1.0
0.7157360406091369,0.8414634146341463,0.0,0.8473282442748092,1.0
1.0,0.0,1.0,0.9300291545189512,1.0
1.0,0.5808383233532933,0.60909090909089,0.0,1.0
1.0,1.0000000000000029,0.0,0.8513302034428796,0.5968992248061826
0.5358012664393569,1.0,0.9999999999999982,0.37234042553191504,0.8490566037735848
0.8701298701298701,0.0,1.0,1.0,1.0
0.7894736842105267,1.0,1.0,0.0,0.9783132530120499
0.4268292682926817,0.8067324434126524,0.0,0.5394736842105273,1.0
0.4385964912280695,1.0000000000000018,0.0,0.0,1.0
1.0417422867513557,0.7952871870397645,1.0,0.7647058823529411,1.0
1.0,0.798816568047334,1.0,0.8731756416708606,0.9830508474576283
0.914953933380582,0.0,1.0,1.0,0.5270270270270279
0.5548705302096172,0.0,0.7894736842105267,1.0,0.5882352941176466
1.0,0.0,0.4385964912280695,1.0,0.0
1.0,0.9003632589517382,0.6666666666666666,0.8187134502923977,1.0
0.0,0.641025641025641,0.8375,0.8203592814371247,0.0
1.0,0.791666666666667,0.6236881559220377,0.7738693467336687,1.0000000000000013
1.0000000000000004,0.6338028169014086,1.0,1.0,0.9999999999999958
0.0,1.0,0.5394736842105265,0.8490566037735848,1.0
0.0,1.0,1.0,0.8055682336832176,1.0
1.0,1.0,0.7471264367816094,0.0,0.872466633712308
0.5882352941176466,0.6007646095029963,0.0,0.0,0.0
0.9207920792079216,0.9999999999999996,0.0,1.0,0.8477157360405848
0.0,0.8974358974358974,0.0,0.0,0.0
1.0,0.4237288135593213,0.835164835164832,0.8974358974358974,0.0
0.5777777777777775,0.9067184897279265,0.0,0.0,0.6272727272727074
0.0,1.0,0.5000000000000004,1.0,0.7848673066064367
0.0,1.0,0.7781834778639802,1.0,1.0000000000000007
0.0,0.0,1.0,0.8282208588957056,0.0
1.0,0.834710743801653,0.6276595744680847,0.679817905918058,1.0
0.8974358974358974,0.0,0.0,0.7252747252747243,0.0
0.0,0.8499999999999999,1.0,0.0,1.0000000000000007
0.5968992248061826,0.9999999999999994,0.0,0.8055682336832405,1.0
0.8876404494382035,1.0,0.0,0.6818181818181808,0.7803468208092486
0.6287425149700606,0.9169831795984812,0.7894736842105259,0.8372093023255812,0.0
1.0,0.0,0.8057553956834533,0.0,0.0
0.7796101949025488,0.9356568364611266,1.0,1.0,0.0
0.0,0.832146490335708,0.0,0.8333333333333326,0.0
1.0,0.7471264367816094,0.829268292682927,0.8132530120481928,0.0
1.0,0.832146490335708,0.0,0.914953933380582,1.0
1.0,0.0,0.6272727272727074,0.9067184897279265,0.3983050847457624
1.0,0.9999999999999982,0.6783919597989944,1.0,0.791666666666667
1.0000000000000029,0.0,0.0,0.4237288135593213,1.0
0.8095485210171253,1.0,0.5494505494505498,0.0,1.000000000000001
1.0,1.0,0.8876404494382035,0.0,0.832146490335708
0.6276595744680847,0.0,0.0,0.0,0.0
0.0,1.0,1.0,1.0,0.0
0.3488372093023254,1.0,0.0,0.798816568047334,1.0
0.0,1.0,0.0,0.0,1.0
0.0,0.5270270270270279,0.0,1.0,0.9226190476190469
1.0,1.0,1.0,0.0,1.0
0.0,0.0,0.0,1.0,0.7894736842105267
0.0,0.9051383399209488,0.6272727272727074,1.0,1.0
0.834710743801653,1.0000000000000007,0.0,0.0,0.0
0.0,0.0,1.0,0.5930232558139524,0.0
1.0,0.0,1.0,0.6666666666666666,1.0
1.0,0.6565656565656572,1.0,0.8974358974358974,1.0
1.0,0.7185929648241204,0.0,1.0,0.5394736842105265
0.0,1.0,1.0,0.8233438485804407,0.8839333691563673
0.0,0.0,1.0,1.0,0.0
1.0,1.0,0.0,1.0,0.5172413793103446
0.0,0.0,0.641025641025641,0.0,0.0
0.9404466501240701,1.0000000000000007,0.0,1.0,1.0
1.0,0.4680851063829774,0.9445727482678989,0.0,1.0
0.832146490335708,0.9226190476190469,1.0,0.7803468208092486,0.0
0.570552147239264,1.0,1.0,1.0556621880998083,1.0
0.4385964912280695,0.0,0.0,0.801980198019802,0.8477157360405848
0.0,1.0,1.0,1.0,0.9003632589517382
0.9107611548556434,1.0,1.0,1.0,0.0
0.0,1.0,0.8477157360405848,0.5968992248061826,1.0
0.8095485210171253,0.8513302034428796,0.0,0.0,0.6276595744680847
1.0,1.0,0.0,0.0,1.0
0.24752475247524783,0.0,1.0,0.0,0.0
1.0,1.0,1.0,0.0,1.0
0.0,0.0,0.0,1.0,0.9999999999999902
1.0,0.8353748162665355,1.0,0.0,1.0
1.0,0.0,0.801980198019802,1.0,1.0
1.0,0.5930232558139524,1.0,0.0,0.6818181818181825
1.0000000000000007,1.0,0.9999999999999956,1.0,1.0
0.7305389221556937,1.0,1.0,1.0,0.0
0.0,0.3488372093023254,0.0,0.0,0.7945013979496733
0.0,0.0,0.0,0.8187134502923977,0.580838323353294
0.0,1.0,1.0,0.9830508474576283,0.6164383561643819
0.999999999999987,0.0,0.0,0.0,1.0
1.0,0.9356568364611266,1.0,0.0,1.0
0.0,1.0,0.8839333691563673,0.5808383233532933,1.0
0.7471264367816094,0.0,0.0,1.0,0.825885084155543
1.0504347826086957,1.0,0.8000000000000009,0.0,1.0
0.8629032258064517,1.0,1.0,0.8469945355191296,1.0
0.7954545454545455,0.0,0.0,0.0,0.0
0.0,0.0,0.0,1.0,0.0
0.0,0.641025641025641,1.0,0.6089385474860303,0.0
0.8000000000000009,1.0,1.0,0.999999999999993,1.0
0.0,0.0,0.0,0.0,1.0
0.5624999999999988,1.0,0.9830508474576283,1.0,0.0
0.835164835164832,0.8144796380090497,0.7153284671532859,1.0,1.0
1.0,1.0,0.0,0.0,0.8095485210171249
0.0,1.0,0.0,1.0,0.6272727272727074
1.0,0.5777777777777775,0.8132295719844361,0.0,1.0
0.0,0.8203592814371247,0.0,0.835164835164832,0.0
0.7995139732685308,0.0,0.7894736842105259,0.0,1.0
0.999999999999989,0.9999999999999994,0.0,1.0,0.9116735537190079
0.0,0.0,1.0,0.0,0.0
0.832146490335708,1.0,0.4268292682926817,0.7738693467336687,1.0
0.0,1.0000000000000007,0.0,0.0,0.0
0.7185929648241204,1.0,1.0,0.0,0.9999999999999996
0.0,0.0,0.5394736842105262,0.0,0.0
0.37234042553191504,0.8333333333333326,0.43956043956043944,0.0,0.0
0.27777777777777707,1.0,0.0,0.0,0.0
1.0000000000000004,0.0,0.0,1.0,0.8057553956834533
0.8045977011494186,1.0,1.0,1.0,0.0
0.0,0.9003632589517382,1.0,0.5610972568578553,0.9279279279279287
1.0,0.0,1.0,1.0,0.8701298701298701
0.9940119760478942,0.0,0.7591480065537863,0.6276595744680847,0.791666666666667
0.0,0.6686390532544377,0.0,0.0,1.0
1.0,0.8,0.9003632589517382,0.7894736842105259,0.0
0.6272727272727074,0.3983050847457624,1.0000000000000018,0.5762711864406784,1.0
1.0,0.5762711864406784,0.0,0.0,0.0
0.0,0.0,1.0,0.6818181818181808,0.6287425149700606
0.8187134502923977,0.0,0.0,0.0,1.0
0.7865168539325841,0.8469945355191296,0.0,0.5777777777777775,1.0
0.0,0.0,0.914953933380582,0.8701298701298701,0.6272727272727074
1.0000000000000004,1.0,0.0,1.0,0.0
1.0,0.9603633360858788,0.872466633712308,0.8234456573327006,0.0
0.5777777777777775,0.0,0.0,0.0,0.7540725170782977
0.24752475247524783,0.9300291545189512,1.0,1.0,0.7894736842105259
0.0,1.0,0.0,1.0,0.6287425149700595
0.0,1.0,0.9008264462809918,0.0,1.0000000000000009
0.999999999999989,1.0,1.0,0.5394736842105262,1.0
0.0,0.0,0.0,0.0,1.0
1.0,0.9999999999999994,1.0,0.4680851063829774,1.0
1.0,0.0,0.0,0.0,0.8375
1.0,0.0,0.3986928104575166,0.0,0.0
0.0,0.0,0.5371900826446279,1.0,0.8203592814371247
0.7860262008733616,0.0,0.9067184897279265,1.0,1.0
0.8014184397163112,0.0,0.0,0.8067324434126524,1.0
0.4385964912280695,1.0,0.0,0.7252747252747243,0.0
1.0,0.0,0.0,0.9603633360858788,1.0
1.0,0.880382775119617,0.0,0.0,0.4680851063829774
0.0,0.8839333691563673,0.4385964912280695,1.0,1.0
0.0,0.0,0.8000000000000009,0.3301886792452843,1.0
0.0,0.9116735537190079,0.0,1.0,0.5808383233532933
0.0,1.1111111111111103,0.0,0.5882352941176466,1.0000000000000004
0.0,0.0,0.0,1.0,0.0
0.0,0.9789029535864977,1.0,0.999999999999989,1.0
0.7658402203856675,0.808480894687791,0.0,0.8055682336832493,0.8247422680412372
0.0,0.0,0.0,1.0,1.0
0.7252747252747243,0.4385964912280695,0.9003632589517382,1.0,0.0
0.829268292682927,1.0,0.0,0.0,1.0
0.5882352941176466,0.0,0.834710743801653,0.0,1.0
0.6236881559220377,0.8247422680412372,1.0,1.0,0.9999999999999912
0.8513302034428796,0.7471264367816094,0.7803468208092486,1.0,0.0
0.0,0.0,0.0,0.8701298701298701,1.0
0.44554455445544533,0.8247422680412372,0.4680851063829774,0.4395604395604399,1.0
1.0,1.0,0.0,0.6371814092953524,1.0
0.7954545454545455,0.4680851063829774,0.5833333333333326,0.8203592814371247,0.0
0.0,0.0,0.0,0.0,1.0
0.0,0.0,0.0,0.6276595744680847,1.0
0.9783132530120499,0.6287425149700606,0.0,0.0,0.834710743801653
1.0,0.0,1.0,0.0,0.0
1.0,0.0,1.0,0.0,0.8247422680412372
0.9999999999999892,1.0,0.0,0.6568627450980147,0.8731756416708606
0.0,0.9169831795984812,0.5882352941176466,0.0,1.0
0.5555555555555537,0.0,0.5968992248061826,0.0,0.5808383233532933
0.6697515830491962,1.0,0.6568627450980147,0.5460992907801423,0.7540725170782977
1.0,0.0,0.0,1.0,1.0
0.0,1.0,0.7527593818984546,1.0,0.4385964912280695
0.8427480916030533,1.0,0.0,1.0,1.0
1.0,0.0,1.0,0.0,0.0
0.8,0.0,0.0,1.0,0.0
0.0,1.0,0.0,0.8701298701298701,1.0
0.0,1.0,0.9999999999999939,1.0,0.6818181818181825
0.835164835164832,0.0,1.0,1.0,0.9999999999999958
0.8,1.0000000000000007,1.0,1.0,0.0
0.9067184897279265,1.0,1.0,1.0,1.0
1.0,0.9999999999999994,1.0,0.834710743801653,0.0
0.0,1.0,0.9999999999999981,0.0,0.4268292682926817
0.0,0.5394736842105262,1.0,1.0,0.0
0.8280254777070064,0.8823529411764703,1.0,1.0,1.0
0.6272727272727074,0.0,1.0,0.8055682336832176,1.0
0.9356568364611266,1.0,0.0,0.580838323353294,0.8943130347257168
1.0,0.0,1.0,1.0,0.8353748162665355
0.0,0.2222222222222222,0.0,1.0,0.880382775119617
0.9999999999999956,0.0,0.0,0.570552147239264,0.6287425149700606
1.0,0.0,0.0,0.9999999999999912,1.0
0.0,1.0000000000000007,0.0,0.9226190476190469,0.0
0.0,0.999999999999993,1.0,0.999999999999987,0.6440677966101691
0.0,1.0,1.0,0.0,1.0
0.0,0.8486600105097217,0.9047619047619049,0.0,1.0
1.0,1.0,0.9999999999999994,0.9404466501240701,1.0
0.0,1.0,0.8353748162665355,0.570552147239264,0.0
1.0,0.0,0.5000000000000004,0.43956043956043944,1.0
1.0,0.8486600105097205,0.0,0.9226190476190469,1.0
0.6292134831460675,0.0,0.0,1.0,1.0
1.0,0.8501377410468239,1.0,1.0,1.0
0.0,1.0,0.9207920792079216,1.0,0.9067184897279265
0.0,0.0,1.0,1.0,1.0
1.0,0.9999999999999946,0.7591480065537863,0.0,0.8144796380090497
1.0,0.8731756416708606,1.0,0.43956043956043944,0.0
0.0,0.999999999999989,0.9300291545189512,1.0,0.6089385474860303
0.0,0.0,0.0,1.0000000000000007,0.7647058823529411
1.0,1.0,0.0,0.0,0.5624999999999988
1.0,0.6701030927835057,1.0,1.0,0.0
1.0,0.0,0.4268292682926817,1.0,1.0
0.4680851063829774,0.7821782178217765,1.0,0.6568627450980147,0.9003632589517382
0.5000000000000004,0.0,1.0,0.9226190476190469,0.6276595744680847
0.9999999999999892,0.0,0.0,1.0,0.0
1.0,0.0,0.8469945355191296,0.6543209876543191,1.0
1.0,0.8144796380090497,0.0,0.9422382671480151,0.0
0.999999999999987,1.0,0.9830508474576283,1.0,1.0
0.0,1.0,0.798816568047334,0.0,0.9999999999999996
0.9999999999999958,0.9107611548556434,1.0,0.0,0.6287425149700606
0.0,1.0,1.0,0.0,0.0
1.0,0.0,0.0,0.0,0.914953933380582
0.792207792207791,0.0,0.0,0.0,0.0
0.8426966292134823,0.0,1.0,0.8057553956834533,1.0
0.0,0.0,1.0,0.33749999999999947,0.0
0.5000000000000004,0.4268292682926817,1.0,1.0,0.0
0.8876404494382035,1.0,0.0,0.5000000000000004,0.9107611548556434
0.0,1.0,0.9338842975206618,1.0000000000000018,0.0
1.0,0.6338028169014086,0.5394736842105262,1.0,0.44554455445544533
1.0,0.0,0.0,0.0,1.0
0.4385964912280695,0.570552147239264,1.0,1.0,1.0
1.0,0.7658402203856678,0.0,0.8477157360405848,1.0
0.0,0.8473282442748092,0.5624999999999988,0.0,0.0
0.8477157360405848,0.9999999999999902,1.0,0.9999999999999976,1.0
1.0,1.0,0.0,0.0,0.0
1.0,1.0,1.0,1.0,0.7894736842105259
1.0,0.8000000000000009,0.8304919629810034,0.8233438485804407,0.3983050847457624
0.580838323353294,1.0,0.9447949526813841,0.0,0.9999999999999956
1.0000000000000007,1.0,1.0,0.914953933380582,1.0
0.0,0.0,0.0,0.9067184897279265,0.5394736842105273
1.0,1.0,0.0,0.0,1.0
0.0,0.9999999999999909,0.9067184897279265,1.0,0.0
0.6276595744680847,0.999999999999989,1.0,1.0,0.0
0.5555555555555537,1.0,0.0,0.0,0.8333333333333326
1.0,0.791666666666667,0.0,1.0,0.752759381898455
0.0,0.0,1.0,0.0,1.0
0.0,0.832146490335708,0.0,0.0,0.0
0.7037037037037042,1.0,0.17006802721088407,0.5394736842105265,1.0
0.5762711864406784,0.9207920792079216,0.0,0.0,0.0
0.0,0.8045977011494186,0.9107611548556434,0.0,0.0
0.0,0.999999999999989,1.0,0.0,1.0
1.0,0.0,1.0,0.0,1.0
0.5000000000000004,0.0,0.5418994413407799,0.0,0.880382775119617
0.8055682336832493,1.0,0.0,0.0,0.0
1.0,1.0,0.7894736842105259,0.0,1.0
0.0,0.0,0.0,0.0,0.6164383561643819
0.6292134831460672,0.0,1.0,0.0,0.0
0.0,0.9356568364611266,0.9300291545189512,0.0,1.0
0.0,0.0,0.6292134831460672,0.8304919629810034,0.6236881559220377
0.9999999999999853,0.7305389221556937,1.0,0.7305389221556937,0.0
0.9404466501240701,0.0,0.7647058823529411,1.0,0.37234042553191504
0.7471264367816094,1.0,0.0,0.6272727272727074,0.0
0.8731756416708606,1.0,0.8144796380090497,0.0,0.0
1.0,0.0,0.3846153846153844,0.6272727272727074,1.0
0.0,0.0,0.641025641025641,0.4751847940865895,0.0
1.0,0.0,0.8132530120481928,0.9445727482678989,1.0
0.0,1.0,0.0,0.0,0.0
0.0,0.3846153846153844,1.0,1.0,1.0
0.0,0.5705521472392647,1.0,1.0,1.0
0.928571428571428,1.0,0.0,0.9445727482678989,0.8057553956834533
0.0,0.791666666666667,1.0,1.0,0.0
1.0,0.9116735537190079,0.8839333691563673,0.0,0.8234456573327006
0.8969957081545067,0.8203592814371247,0.7894736842105259,0.8477157360405848,1.0
0.7801221543586874,0.6836158192090394,1.0,0.0,1.0
0.8151382823871912,0.0,0.914953933380582,0.0,1.0
0.9999999999999996,0.0,1.0,0.6818181818181825,0.5762711864406784
0.0,0.872466633712308,0.7865168539325839,1.000000000000001,0.0
0.0,1.0,0.8144796380090497,0.5968992248061826,0.999999999999989
0.0,0.0,0.0,0.7832167832167833,1.0
0.9999999999999996,0.9422382671480151,1.0,1.0,0.5968992248061826
0.641025641025641,1.0,0.6642335766423372,0.8203592814371247,0.5032679738562097
0.0,0.0,0.0,1.0,1.0
0.9999999999999939,0.0,0.0,0.0,0.7860262008733616
0.0,1.0,0.4268292682926817,0.5113636363636352,1.0
1.0,0.0,0.0,0.999999999999989,0.0
0.9279279279279287,0.9999999999999982,1.0,1.0,0.0
0.6089385474860303,1.0,1.0,0.641025641025641,0.914953933380582
1.0,0.0,1.0,0.0,1.0
0.0,1.0,1.0,0.8,0.5394736842105265
0.6568627450980147,0.5270270270270279,0.0,0.0,1.0
0.791666666666667,0.0,0.5494505494505498,0.6276595744680847,0.8280254777070064
1.0000000000000029,1.0,0.0,0.9226190476190469,0.999999999999993
0.0,1.0,1.0,1.0,0.0
0.0,0.0,0.9047619047619049,0.8839333691563673,0.9116735537190079
0.0,0.0,0.7471264367816094,1.0,0.0
1.0,1.0,1.0,1.0,0.43956043956043944
0.6287425149700606,1.0,1.0,0.0,0.2554347826086956
0.4680851063829774,1.0,1.0,0.5000000000000004,0.832146490335708
1.0,0.9999999999999957,0.5494505494505498,1.0,1.0
1.0,1.0,1.0,0.0,0.0
0.8731756416708606,0.9279279279279287,0.0,1.0,0.0
1.0,1.0000000000000007,1.0,0.0,0.0
0.8469945355191296,0.8353748162665355,0.7801221543586874,0.9356568364611266,1.0
1.0,0.0,0.0,1.0,0.9356568364611266
0.8233438485804407,0.9279279279279287,1.0,0.9107611548556434,1.0
1.0,0.4680851063829774,0.49999999999999867,0.0,0.0
0.0,1.0,1.0,0.835164835164832,1.0
0.0,0.9149539333805812,1.0,0.0,0.4018509498295178
1.0,0.0,0.7803468208092486,1.0,0.6338028169014086
0.6292134831460672,0.0,0.8376327769347496,1.0,0.8280254777070064
1.0,0.999999999999989,0.0,1.0,1.0
0.8203592814371247,1.0,1.0,0.0,1.0000000000000007
0.0,0.41860465116279083,1.0,1.0,1.0
1.0,0.9999999999999994,0.8372093023255812,0.0,0.5882352941176466
1.0,0.0,0.5000000000000004,1.0,0.9999999999999997
0.7954545454545455,1.0,0.0,1.0,1.0000000000000013
0.4268292682926817,1.0,0.0,0.0,1.0000000000000004
1.0,0.8823529411764703,0.0,0.8333333333333326,0.6287425149700595
0.5555555555555537,1.0,0.0,0.9003632589517382,0.0
0.9999999999999992,1.0,1.0,0.0,1.0
0.0,0.0,0.7738693467336687,0.44339622641509563,0.0
0.730538922155689,0.0,1.0,1.0,0.0
1.0,0.7821782178217765,1.0000000000000007,0.45918367346938715,0.0
0.0,0.0,0.8280254777070064,0.0,0.0
1.0,0.0,1.0,0.9999999999999994,1.0
0.5808383233532933,0.832146490335708,0.0,0.8045977011494186,0.0
1.0,1.0,0.0,1.0,0.0
0.6543209876543191,0.0,0.0,1.0,0.0
0.8247422680412372,0.880382775119617,0.0,0.0,0.8823529411764703
0.0,0.49999999999999867,0.0,0.0,1.0
0.0,1.0,0.0,0.8057553956834533,0.0
0.44554455445544533,0.0,1.0,0.8055682336832405,1.0
1.0,0.999999999999989,1.0,1.0,0.9447949526813841
1.0,0.0,0.0,0.0,1.0
1.0,1.0,0.7305389221556937,0.0,1.0
0.0,0.0,0.0,1.0000000000000004,1.0
0.6783919597989944,1.0,0.6666666666666666,0.0,0.5032679738562097
0.8513302034428796,1.0,0.49999999999999867,1.0,0.71451355661882
0.0,1.0,1.0,0.0,1.0
1.0,1.0,1.0,0.0,0.0
1.0,0.9999999999999853,0.0,1.0,1.0
0.0,0.0,1.0,0.0,1.0
0.999999999999989,1.0000000000000029,0.0,0.0,1.0
0.0,0.0,0.0,0.0,0.0
0.4268292682926817,1.0,0.8974358974358974,0.9356568364611266,0.0
0.8974358974358974,0.0,0.9999999999999992,0.0,0.0
1.0,1.0,0.34391534391534323,0.0,0.0
0.0,0.7865168539325839,0.3983050847457624,1.0,1.0
0.2222222222222222,1.0,1.0,1.0,1.0
1.0,0.0,0.0,1.0,1.0
1.0,0.0,0.0,0.9999999999999982,0.6287425149700606
1.0,0.9999999999999961,1.0068027210884356,0.0,0.0
0.9999999999999853,0.9067184897279265,1.0,0.999999999999989,0.0
0.7894736842105259,0.7832167832167833,0.0,0.0,0.0
0.0,0.9999999999999996,0.0,1.0,0.6164383561643819
0.0,1.0,1.0,0.0,0.8501377410468239
0.0,0.8132530120481928,0.5000000000000004,1.0,0.0
0.9107611548556434,0.97560975609756,0.6433990895295904,0.9534883720930225,0.0
0.0,0.0,0.99999999999999,0.6666666666666666,1.0
0.9999999999999992,0.0,0.0,0.499999999999998,1.0
1.0,0.7591480065537867,0.0,0.0,0.6276595744680847
0.7945013979496738,0.0,0.5270270270270279,1.0,0.0
1.0000000000000007,0.0,0.641025641025641,0.6818181818181825,1.0
0.6272727272727074,1.0,0.0,0.17006802721088407,0.9207920792079216
0.44554455445544533,1.0,1.0,1.0,0.6338028169014086
1.0,0.0,0.0,0.0,1.0000000000000007
0.0,0.0,0.5460992907801423,0.829268292682927,0.4245283018867915
0.0,1.0,0.0,0.914953933380582,0.8473282442748092
0.9356568364611266,1.0,0.0,1.0,1.0
1.0,1.0,0.0,0.8731756416708606,1.0
1.0,0.5930232558139524,0.0,0.0,0.9003632589517382
1.0,0.791875855773619,0.6164383561643819,1.0,0.0
1.0,1.0,1.0,0.0,1.0
1.0,0.27777777777777707,1.0,1.0,1.0
0.0,0.8,0.0,0.0,0.914953933380582
0.8499999999999999,0.0,1.0,1.0,1.0
0.0,0.7894736842105259,0.0,0.0,0.7185929648241204
0.0,0.0,0.0,0.7860262008733613,0.0
0.0,1.0,0.0,1.0,1.0000000000000009
1.0,0.0,0.6272727272727074,1.0,1.0
1.0,1.0,1.0,0.798816568047334,0.9999999999999853
0.5882352941176466,0.0,0.0,0.0,0.9999999999999937
0.0,0.0,0.6836158192090394,1.0,1.0
1.0,0.8490566037735848,0.8839333691563673,1.0,0.0
0.0,0.8490566037735848,0.5494505494505494,1.0,0.791875855773619
1.0,0.8469945355191296,1.0,0.8823529411764703,1.0
0.9445727482678989,0.8513302034428796,0.8414634146341463,1.0,0.0
0.0,0.0,0.0,0.0,0.8469945355191296
1.0,0.0,0.0,1.0,0.0
0.0,0.641025641025641,0.0,1.0,1.0
0.0,1.0,0.7658402203856678,0.7945013979496733,0.0
0.0,0.8234456573327006,0.0,0.0,1.0
1.0,1.0,1.0,0.5808383233532933,1.0000000000000007
1.0,0.0,0.8701298701298701,0.0,0.3846153846153844
0.5762711864406784,1.0,0.0,1.0,0.0
0.0,0.8203592814371247,0.8876404494382035,1.0,0.0
0.0,0.9726027397260262,1.0,0.8084808946877909,1.0
0.7305389221556937,1.0,0.9226190476190469,0.0,0.99999999999999
0.9999999999999912,1.0,0.8839333691563673,1.0,0.9422382671480151
0.8055682336832176,1.0,0.0,0.0,0.0
0.9999999999999937,1.0,1.0,0.0,0.0
1.0,0.4268292682926817,1.0,1.0,0.0
1.0,0.0,0.4245283018867915,0.9999999999999996,1.0
0.8469945355191296,1.0000000000000004,0.6666666666666666,0.0,0.0
1.0,0.8486600105097205,0.8469945355191296,1.0,0.0
0.8280254777070064,0.8000000000000009,0.0,1.0,1.0
0.0,0.7796101949025472,1.0,0.0,0.37159372419488007
0.0,1.0,0.0,0.8469945355191296,0.835164835164832
1.0,0.0,1.0,0.0,1.0
0.0,0.9149539333805812,0.7894736842105259,0.0,0.6818181818181825
0.0,0.7796101949025488,1.0,0.9999999999999992,1.0
0.0,1.0,0.0,1.0,0.0
0.0,0.4887218045112787,0.8084808946877914,0.0,0.8839333691563673
1.0,1.0,1.0,0.0,0.8839333691563673
0.0,0.6818181818181808,1.0,0.2866242038216559,0.0
0.7252747252747243,0.9116735537190079,0.0,0.0,0.0
1.0,0.9445727482678989,1.0,0.0,0.0
0.0,0.8823529411764703,0.0,0.44339622641509563,0.6543209876543191
0.6642335766423363,0.8084808946877914,0.0,1.0,0.45918367346938715
0.6686390532544377,0.5418994413407799,1.0,1.0,0.9226190476190469
0.0,0.0,1.0,0.9999999999999994,1.0
0.0,0.0,0.0,0.999999999999989,0.4268292682926817
1.0,0.0,0.0,0.6818181818181808,0.0
1.0,0.0,1.0,0.5762711864406784,1.0
1.0,1.0,0.5494505494505498,0.9999999999999997,0.8055682336832405
0.6287425149700606,1.0,1.0,0.41860465116279083,1.0068027210884356
0.9999999999999892,0.6783919597989944,1.0,0.4245283018867915,1.0
1.0,0.872466633712308,1.0,1.0,0.0
1.0,0.8376327769347496,1.0,0.914953933380582,0.0
1.0,0.3846153846153844,1.0,1.0,1.0
0.8055682336832176,0.835164835164832,0.7832167832167833,1.0,1.0
1.0,0.0,0.0,0.0,0.0
1.0,0.5270270270270279,1.0,0.0,1.0
0.0,0.0,1.0,0.8144796380090497,0.0
1.0000000000000029,1.0,1.0,1.0,0.0
0.0,0.0,0.9207920792079216,1.0,0.0
1.0,0.7832167832167833,0.0,1.0,0.999999999999987
0.6565656565656572,0.5494505494505494,0.0,1.0,0.0
1.0,0.0,0.0,0.0,0.5777777777777775
0.0,1.0,1.0,1.0,0.0
1.0,1.0,1.0,0.9003632589517382,0.9107611548556434
0.0,0.8,0.5418994413407799,0.999999999999989,0.0
0.6276595744680847,0.7005347593582893,1.0,0.7894736842105267,0.9565217391304329
0.9051383399209488,0.999999999999989,1.0,1.0,1.0
0.0,1.0,0.6164383561643819,0.6818181818181825,0.0
0.0,1.0,0.7860262008733616,1.0,0.6164383561643819
1.0,0.0,0.7803468208092486,0.45918367346938715,0.9999999999999958
0.835164835164832,0.9999999999999992,0.9051383399209488,0.5270270270270279,0.641025641025641
1.0,0.0,1.0,0.0,0.6338028169014086
1.0,0.8473282442748092,0.0,1.0,0.5882352941176466
0.6666666666666666,1.0000000000000007,1.0,0.8057553956834533,0.17006802721088407
0.0,0.0,0.0,0.8974358974358974,0.0
0.8057553956834533,1.0,1.0,0.5394736842105265,0.6836158192090394
1.0,0.0,0.798816568047334,0.5624999999999988,0.0
0.8469945355191296,0.0,1.0,0.0,1.0
0.0,0.6568627450980147,0.730538922155689,1.0,0.0
1.0,1.0,0.9534883720930225,1.0,0.0
0.0,0.8280254777070064,0.0,0.7252747252747243,1.0
0.0,1.0,1.0,1.0,0.9116735537190079
0.6007646095029963,0.0,1.0,0.8333333333333326,1.0
0.0,1.0,0.0,1.0,0.798816568047334
0.8000000000000009,1.0,0.0,1.0000000000000007,0.0
1.0,1.0,1.0,0.7647058823529411,1.0
0.0,1.0,1.0,0.7471264367816094,0.0
1.0,0.880382775119617,1.0,0.39232781168264996,0.0
0.17006802721088407,1.0,0.0,0.0,0.8203592814371247
0.0,0.0,0.9207920792079216,0.9107611548556434,0.9169832084596278
0.8372093023255812,0.8701298701298701,0.0,1.0,0.9999999999999996
0.0,1.0,0.9445727482678989,0.9789029535864977,0.641025641025641
0.0,0.7471264367816094,0.4268292682926817,0.0,0.0
0.0,1.0,1.0,0.0,0.0
0.0,0.9999999999999912,1.0,0.0,0.4385964912280695
1.0,0.99999999999999,1.0,0.8144796380090497,1.0
0.8969957081545067,0.0,0.0,1.0,0.3846153846153844
1.0,0.7738693467336687,0.7540725170782967,0.0,1.0
1.0,0.0,1.0,1.0,1.0
0.0,1.0,1.0,1.0,0.7252747252747243
0.5270270270270279,1.0,0.43956043956043944,0.9226190476190469,1.0
0.0,1.0,0.0,0.0,0.0
0.8055682336832176,1.0,0.801980198019802,0.0,0.0
1.0,0.0,1.0,0.99999999999999,1.0
0.0,1.0,0.0,1.0,0.0
1.0,0.8144796380090497,0.4395604395604395,1.0,1.0
0.0,0.0,0.9279279279279287,0.798816568047334,0.0
0.0,0.0,1.0,0.8974358974358974,0.0
0.0,0.0,0.0,1.0,1.0
1.0,1.0,1.0,0.0,1.0
0.5032679738562097,0.7005347593582888,0.0,0.44117647058823517,0.0
1.0,0.0,1.0,1.0,0.0
0.0,1.0,0.0,1.0,1.0
1.0,1.0,1.0,0.0,0.0
0.0,1.0,0.570552147239264,0.5032679738562097,0.0
0.7471264367816094,0.7471264367816094,1.0,0.8731756416708606,1.0
0.9999999999999994,1.0,0.7995139732685308,1.0,0.6666666666666666
0.0,0.0,0.0,1.0,0.3846153846153844
0.0,1.0,0.0,0.0,0.0
0.4687499999999995,0.4395604395604399,0.0,1.0,0.0
0.8333333333333326,0.792207792207791,1.0,1.0,0.62874251497006
1.0,0.0,0.0,0.0,0.0
1.0,1.0,0.9404466501240701,1.0,0.8501377410468239
0.0,1.0,0.0,1.0,0.4385964912280695
0.0,0.8296874999999996,0.0,0.6276595744680847,0.9603633360858788
1.0,0.6287425149700595,0.0,0.0,0.0
0.0,0.0,0.0,0.0,1.0
0.0,1.0,0.9999999999999913,1.0,0.9999999999999939
0.8473282442748092,0.0,1.0,0.0,0.5394736842105265
0.9107611548556434,0.9207920792079216,0.0,0.999999999999989,0.45000000000000007
0.0,0.0,0.0,0.7540725170782977,0.0
0.0,1.0,0.49999999999999867,1.0,1.0
1.0,0.0,1.0,0.6338028169014086,0.8876404494382035
1.0,1.0,0.0,0.37234042553191504,1.0
0.0,1.0,1.0,0.0,0.0
1.0,0.0,1.0,0.0,1.0
1.0,0.8151382823871912,1.0,0.9999999999999996,0.0
0.0,0.0,1.0,0.0,0.0
1.0,1.0,0.0,0.8234456573327006,0.0
0.9051383399209488,1.0,1.0,0.5930232558139524,0.0
0.7952871870397645,0.8427480916030533,0.8067324434126524,0.4385964912280695,0.8999999999999997
0.5494505494505494,1.0000000000000029,1.0,0.4237288135593213,0.0
1.0,0.0,0.0,0.0,0.0
1.0,0.0,0.6666666666666666,0.791875855773619,1.0
0.0,0.9389312977099227,1.0,0.0,0.6568627450980147
0.68361581920904,0.9999999999999909,0.9783132530120499,0.801980198019802,1.0
0.5460992907801423,1.0,0.0,0.0,0.8055682336832176
0.0,0.6244175209692451,0.17006802721088407,0.0,1.0
1.0,0.9999999999999939,0.0,0.0,1.0
0.7821782178217765,0.0,0.9116735537190079,1.0,0.0
0.42452830188679197,1.0,0.0,0.7945013979496733,0.0
0.5494505494505498,0.0,1.0,0.5270270270270279,1.0
0.0,0.5032679738562097,0.0,0.0,1.0000000000000004
0.5808383233532933,1.0,0.0,0.3983050847457624,0.0
1.0,1.0,1.0,0.9376299376299376,0.0
0.0,0.0,0.0,0.0,0.7777777777777735
1.0,1.0,0.5032679738562097,0.0,0.0
1.0,0.0,0.0,1.0,0.4268292682926817
0.5394736842105262,0.0,0.0,1.0,0.9149539333805812
0.0,0.7389277389277393,0.0,0.0,0.7185929648241209
0.8333333333333326,1.0,0.4268292682926817,0.9789029535864977,0.8055682336832493
1.0,0.880382775119617,1.0,0.8151382823871912,1.0
0.4687499999999992,0.0,0.8473282442748092,1.0,1.0000000000000004
0.0,0.0,0.5882352941176466,1.0,0.9999999999999996
0.0,1.0,1.0,0.27777777777777707,1.0
0.81377151799687,1.0,1.0,0.9445727482678989,1.0
0.7305389221556937,0.9999999999999902,1.0,1.0,1.0
1.0,0.641025641025641,0.0,1.0,0.0
0.0,0.7894736842105259,0.5460992907801423,1.0,0.0
0.9067184897279265,1.0,1.0,0.0,0.9107611548556434
0.8876404494382035,1.0,0.6991150442477878,0.0,1.0
1.0,1.0,1.0,1.0,0.0
1.0,1.0,0.8353748162665355,0.834710743801653,1.0
0.0,0.798816568047334,1.0,1.0,0.6568627450980147
1.0,0.0,0.0,0.99999999999999,1.0
0.9999999999999996,0.4385964912280695,1.0,0.0,0.9999999999999936
0.0,0.0,0.39772726322668905,0.0,0.0
0.5394736842105273,0.0,1.0,1.0,0.0
0.8477157360405848,0.872466633712308,1.0,0.872466633712308,0.44554455445544533
1.0,0.5777777777777775,1.0,0.9356568364611266,0.0
0.0,0.0,0.0,0.0,0.8055682336832405
1.0,1.0,0.8067324434126524,1.0,1.0
1.0,1.0,0.6783919597989944,0.5000000000000004,0.0
0.0,0.999999999999989,1.0,1.0,0.44554455445544533
0.9999999999999902,1.0,0.825885084155543,0.8375,1.0
0.0,0.4245283018867921,1.0,0.0,1.0
0.27777777777777707,0.7796101949025488,1.0,0.0,0.0
0.0,0.6164383561643819,1.0,0.0,1.0
0.0,0.8132530120481928,0.5494505494505498,1.0,0.6287425149700595
0.5113636363636352,0.8372093023255812,0.0,0.6686390532544377,0.0
0.0,0.8999999999999997,1.0,0.7305389221556937,0.6276595744680847
1.0,0.0,0.798816568047334,0.9999999999999853,0.7005347593582893
0.4268292682926817,1.0,0.0,0.8490566037735848,1.0
0.0,1.0,1.0000000000000007,0.8353748162665355,1.0
0.0,0.8055682336832493,0.5882352941176466,1.0,1.0
0.0,0.5494505494505498,0.9169831795984812,0.0,0.8490566037735848
1.0,0.4268292682926817,1.0,0.4237288135593213,0.4245283018867921
1.0,0.9999999999999956,0.0,0.9300291545189512,0.8014184397163112
1.0,0.4680851063829774,0.7945013979496737,1.0,0.0
1.0,0.0,0.0,1.0,0.0
1.0,0.0,0.580838323353294,0.0,0.0
1.0,0.8014184397163112,0.6818181818181808,0.0,0.0
0.0,0.8057553956834533,0.7894736842105267,0.7647058823529425,1.0
