0.0,0.0,0.0,0.0,0.0
0.0,0.0,0.0,0.0,0.0
0.0,0.0,0.0,0.0,0.0
0.0,0.0,0.0,0.0,0.0
0.0,0.0,0.0,0.0,0.0
0.0,0.0,0.0,0.0,0.0
0.0,0.0,0.0,0.0,0.0
0.0,0.0,0.0,0.0,0.0
0.0,0.0,0.0,0.0,0.0
0.0,0.0,0.0,0.0,0.0
0.0,0.0,0.0,0.0,0.0
0.0,0.0,0.0,0.0,0.0
0.0,0.0,0.0,0.0,0.0
0.0,0.0,0.0,0.0,0.0
0.0,0.0,0.0,0.0,0.0
0.0,0.0,0.0,0.0,0.0
0.0,0.0,0.0,0.0,0.0
0.0,0.0,0.0,0.0,0.0
0.0,0.0,0.0,0.0,0.0
0.0,0.0,0.0,0.0,0.0
0.0,0.0,0.0,0.0,0.0
0.0,0.0,0.0,0.0,0.0
0.0,0.0,0.0,0.0,0.0
0.0,0.0,0.0,0.0,0.0
0.0,0.0,0.0,0.0,0.0
0.0,0.0,0.0,0.0,0.0
0.0,0.0,0.0,0.0,0.0
0.0,0.0,0.0,0.0,0.0
0.0,0.0,0.0,0.0,0.0
0.0,0.0,0.0,0.0,0.0
0.0,0.0,0.0,0.0,0.0
0.0,0.0,0.0,0.0,0.0
0.0,0.0,0.0,0.0,0.0
0.0,0.0,0.0,0.0,0.28378378378378466
0.0,0.0,0.0,0.0,0.0
1.0,0.0,0.8666666666666668,0.0,0.0
0.8666666666666668,0.5555555555555531,0.8666666666666668,0.49999999999999845,0.8666666666666668
0.4186046511627904,0.0,0.0,0.49999999999999845,0.4186046511627904
0.4186046511627904,1.0,0.8666666666666668,0.2441860465116279,1.0
0.0,0.28378378378378466,0.0,0.6341463414634154,0.0
0.0,1.0,1.0,0.28378378378378466,1.0
1.0,0.7647058823529411,1.0,1.0,0.0
0.22222222222222168,0.2624999999999997,0.4186046511627904,1.0,0.6341463414634154
0.28378378378378466,0.0,0.4186046511627904,1.0,1.0
0.4186046511627904,0.5142857142857147,0.0,0.22222222222222168,0.0
0.49999999999999845,0.0,0.0,0.0,0.2934782608695647
0.49999999999999845,0.0,0.5555555555555531,0.0,0.49999999999999845
0.0,0.2934782608695647,0.0,0.0,0.0
0.5142857142857147,0.8666666666666668,0.2624999999999997,0.8461538461538461,0.28378378378378466
0.5555555555555531,1.0,0.22222222222222168,0.0,0.0
0.2441860465116279,0.22222222222222168,0.8666666666666668,0.49999999999999845,0.5555555555555531
0.0,0.5555555555555531,0.0,0.2441860465116279,0.8666666666666668
0.8461538461538461,0.0,0.49999999999999845,0.2624999999999997,1.0
0.0,0.0,0.7027027027027031,0.2441860465116279,0.0
0.0,0.5142857142857147,0.22222222222222168,0.0,0.28378378378378466
1.0,0.0,1.0,0.8372093023255816,0.0
0.0,0.0,0.0,0.4186046511627904,0.6341463414634154
0.28378378378378466,0.4186046511627904,0.0,0.0,0.0
1.0,0.28378378378378466,1.0,0.28378378378378466,1.0
0.0,0.8372093023255816,1.0,0.2624999999999997,1.0
0.28378378378378466,0.8372093023255816,0.0,0.22222222222222168,0.0
0.7027027027027031,0.2624999999999997,0.0,0.4186046511627904,1.0
1.0,1.0,1.0,0.4186046511627904,1.0
1.0,0.28378378378378466,1.0,0.8255528255528256,1.0
1.0,0.8387096774193548,0.8387096774193548,1.0,1.0
0.5777777777777775,0.49999999999999845,0.49999999999999845,0.8387096774193548,0.6341463414634154
0.6341463414634154,1.0,0.0,1.0,1.0
0.5555555555555531,0.5777777777777775,0.4186046511627904,1.0,0.5142857142857147
0.6341463414634154,0.8461538461538461,0.0,1.0,0.5777777777777775
0.4186046511627904,0.5777777777777775,0.22222222222222168,0.5142857142857147,0.8461538461538461
0.7027027027027031,0.0,1.0,0.5555555555555531,0.0
1.0,1.0,0.5142857142857147,0.0,1.0
1.0,0.0,0.8387096774193548,1.0,0.0
1.0,0.8255528255528256,1.0,1.0,1.0
0.0,0.5777777777777775,1.0,0.0,0.28378378378378466
1.0,0.5777777777777775,1.0,0.7027027027027031,0.8461538461538461
1.0,0.0,0.0,0.0,0.49999999999999845
0.0,0.8255528255528256,0.0,0.2624999999999997,0.0
1.0,0.8387096774193548,0.2624999999999997,0.0,1.0
0.4186046511627904,0.22222222222222168,0.0,1.0,1.0
1.0,1.0,0.5555555555555531,0.0,0.8372093023255816
0.28378378378378466,1.0,0.4186046511627904,0.22222222222222168,0.8387096774193548
0.5555555555555531,1.0,1.0,0.0,1.0
1.0,1.0,1.0,0.5777777777777775,1.0
1.0,1.0,0.5142857142857147,1.0,1.0
0.6341463414634154,0.0,0.0,1.0,0.5142857142857147
0.8372093023255816,0.867321867321867,0.0,0.22222222222222168,0.5555555555555531
1.0,1.0,0.867321867321867,0.8372093023255816,0.0
1.0,1.0,0.5142857142857147,0.6341463414634154,1.0
1.0,1.0,0.8461538461538461,0.0,0.5142857142857147
1.0,0.6666666666666666,0.5142857142857147,1.0,1.0
0.28378378378378466,1.0,1.0,0.28378378378378466,1.0
1.0,0.22222222222222168,0.8372093023255816,0.0,0.5555555555555531
1.0,1.0,0.7027027027027031,0.0,1.0
0.2624999999999997,1.0,0.8372093023255816,1.0,0.0
1.0,0.6341463414634154,1.0,0.8372093023255816,0.5777777777777775
0.867321867321867,0.0,0.5142857142857147,0.28378378378378466,1.0
0.0,0.0,1.0,0.8461538461538461,0.0
0.28378378378378466,0.8461538461538461,0.22222222222222168,1.0,0.6666666666666666
0.6341463414634154,0.8387096774193548,0.5555555555555531,0.6341463414634154,1.0
1.0,1.0,1.0,0.8372093023255816,1.0
0.867321867321867,0.0,0.8372093023255816,0.0,1.0
0.8387096774193548,0.7027027027027031,0.49999999999999845,1.0,1.0
0.49999999999999845,0.0,0.8372093023255816,0.7027027027027031,0.7027027027027031
0.49999999999999845,1.0,0.8461538461538461,0.4186046511627904,0.0
1.0,0.2624999999999997,0.6666666666666666,0.0,1.0
0.867321867321867,0.0,0.5777777777777775,0.7027027027027031,1.0
1.0,0.5555555555555531,0.4186046511627904,0.0,0.4186046511627904
0.7027027027027031,0.7027027027027031,0.8387096774193548,1.0,0.7027027027027031
0.0,1.0,0.5142857142857139,0.0,1.0
0.28378378378378466,0.22222222222222168,0.5142857142857147,0.6666666666666666,0.5142857142857147
0.28378378378378466,1.0,0.7027027027027031,0.49999999999999845,0.2624999999999997
1.0,0.0,0.22222222222222168,0.0,0.6666666666666666
0.0,1.0,0.7027027027027031,1.0,0.28378378378378466
0.0,1.0,1.0,0.0,1.0
0.49999999999999845,0.28378378378378466,1.0,0.6341463414634154,0.8461538461538461
0.8461538461538461,1.0,1.0,1.0,1.0
1.0,1.0,1.0,0.0,0.867321867321867
0.8372093023255816,0.7027027027027031,0.8387096774193548,1.0,0.5142857142857147
1.0,0.5142857142857147,1.0,0.0,1.0
1.0,1.0,0.0,0.2624999999999997,1.0
1.0,0.5777777777777775,0.6666666666666666,0.0,0.8387096774193548
0.7027027027027031,0.7027027027027031,0.28378378378378466,1.0,1.0
1.0,0.0,1.0,0.0,1.0
0.28378378378378466,0.867321867321867,0.0,1.0,1.0
1.0,0.6666666666666666,0.5777777777777775,0.8461538461538461,0.28378378378378466
1.0,1.0,0.0,0.8372093023255816,1.0
1.0,1.0,1.0,0.0,0.867321867321867
1.0,1.0,1.0,0.2624999999999997,1.0
0.6341463414634154,1.0,0.28378378378378466,1.0,0.5777777777777775
0.8461538461538461,1.0,1.0,1.0,1.0
0.8461538461538461,0.28378378378378466,0.0,0.5777777777777775,0.28378378378378466
1.0,1.0,0.8461538461538461,1.0,1.0
1.0,0.8387096774193548,1.0,0.6666666666666666,0.8387096774193548
1.0,0.6666666666666666,0.2624999999999997,1.0,1.0
1.0,1.0,0.8461538461538461,1.0,0.28378378378378466
0.5555555555555531,0.2624999999999997,0.28378378378378466,1.0,0.8372093023255816
0.0,0.22222222222222168,1.0,1.0,0.0
0.0,0.867321867321867,1.0,1.0,0.2624999999999997
0.8387096774193548,0.7027027027027031,0.5555555555555531,0.6341463414634154,1.0
1.0,0.0,1.0,1.0,0.0
0.8387096774193548,0.867321867321867,0.867321867321867,0.6341463414634154,1.0
0.2624999999999997,1.0,1.0,1.0,1.0
0.8461538461538461,1.0,1.0,0.8372093023255816,1.0
1.0,0.8387096774193548,1.0,1.0,0.8372093023255816
1.0,0.8461538461538461,0.22222222222222168,0.2624999999999997,1.0
0.0,1.0,0.6666666666666666,0.5777777777777775,0.22222222222222168
1.0,1.0,1.0,0.49999999999999845,0.5777777777777775
0.28378378378378466,0.8387096774193548,0.49999999999999845,0.6341463414634154,0.8461538461538461
0.28378378378378466,0.6666666666666666,1.0,0.2624999999999997,0.0
0.8372093023255816,0.0,0.22222222222222168,0.49999999999999845,0.6341463414634154
0.0,0.28378378378378466,0.6666666666666666,1.0,1.0
0.0,0.0,0.49999999999999845,0.867321867321867,0.4186046511627904
0.0,1.0,0.8461538461538461,0.6666666666666666,0.49999999999999845
0.5142857142857147,1.0,0.5777777777777775,0.867321867321867,0.22222222222222168
0.8372093023255816,0.0,1.0,0.28378378378378466,1.0
0.0,1.0,1.0,1.0,0.0
1.0,1.0,1.0,0.867321867321867,0.28378378378378466
0.6341463414634154,0.8387096774193548,0.4186046511627904,0.867321867321867,0.867321867321867
1.0,0.8461538461538461,0.28378378378378466,0.0,0.5555555555555531
0.0,0.28378378378378466,0.867321867321867,0.49999999999999845,0.8461538461538461
0.4186046511627904,0.8372093023255816,1.0,0.8372093023255816,1.0
0.5777777777777775,0.5777777777777775,0.2624999999999997,0.0,0.22222222222222168
0.867321867321867,0.22222222222222168,0.8372093023255816,0.7027027027027031,0.8461538461538461
0.7027027027027031,0.7027027027027031,0.22222222222222168,1.0,0.22222222222222168
1.0,0.5777777777777775,1.0,1.0,0.5142857142857147
0.867321867321867,0.6666666666666666,0.8372093023255816,0.2624999999999997,1.0
0.2624999999999997,1.0,0.28378378378378466,1.0,1.0
1.0,1.0,1.0,0.0,0.8387096774193548
1.0,0.4186046511627904,0.22222222222222168,0.7027027027027031,1.0
1.0,0.7027027027027031,1.0,0.49999999999999845,1.0
0.0,0.0,0.22222222222222168,1.0,0.0
0.5555555555555531,0.0,0.0,0.5142857142857147,0.867321867321867
1.0,1.0,1.0,0.0,0.5777777777777775
0.8461538461538461,1.0,1.0,0.2624999999999997,1.0
1.0,0.0,0.2624999999999997,0.0,0.6341463414634154
0.5777777777777775,1.0,0.0,1.0,0.8372093023255816
1.0,1.0,1.0,0.5142857142857147,0.0
0.5777777777777775,1.0,1.0,0.0,0.2624999999999997
0.0,0.5777777777777775,0.6341463414634154,0.7027027027027031,0.6666666666666666
0.49999999999999845,1.0,1.0,1.0,0.28378378378378466
0.2624999999999997,0.22222222222222168,0.8461538461538461,0.0,1.0
1.0,0.7027027027027031,1.0,0.0,1.0
0.49999999999999845,1.0,0.5142857142857147,1.0,1.0
0.0,1.0,1.0,0.28378378378378466,0.867321867321867
0.22222222222222168,0.49999999999999845,0.8461538461538461,1.0,1.0
1.0,0.28378378378378466,1.0,0.0,0.2624999999999997
0.867321867321867,0.22222222222222168,0.0,1.0,1.0
1.0,1.0,0.5777777777777775,1.0,1.0
1.0,0.0,0.8461538461538461,0.6666666666666666,0.8372093023255816
0.0,1.0,0.0,0.0,0.5777777777777775
0.0,0.5777777777777775,0.5555555555555531,1.0,0.8387096774193548
1.0,0.0,1.0,0.7027027027027031,1.0
1.0,0.5142857142857139,0.49999999999999845,1.0,0.867321867321867
0.5555555555555531,0.0,1.0,1.0,0.0
0.5555555555555531,0.5555555555555531,1.0,0.7027027027027031,0.0
1.0,0.867321867321867,1.0,0.8387096774193548,1.0
0.7027027027027031,1.0,0.7027027027027031,1.0,1.0
1.0,1.0,0.0,0.49999999999999845,1.0
0.6666666666666666,0.7027027027027031,0.0,1.0,1.0
0.2624999999999997,0.5555555555555531,0.0,0.4186046511627904,0.5142857142857147
1.0,1.0,1.0,0.0,0.4186046511627904
1.0,0.6666666666666666,1.0,1.0,0.6666666666666666
0.0,0.8461538461538461,0.8387096774193548,0.8461538461538461,0.22222222222222168
0.49999999999999845,0.8372093023255816,1.0,1.0,1.0
0.5777777777777775,0.5777777777777775,0.867321867321867,0.8372093023255816,1.0
0.5142857142857147,0.49999999999999845,0.8387096774193548,0.6341463414634154,0.6666666666666666
0.8387096774193548,1.0,0.7027027027027031,1.0,0.28378378378378466
1.0,1.0,0.0,0.867321867321867,1.0
0.49999999999999845,1.0,0.0,0.0,1.0
1.0,1.0,1.0,0.0,1.0
1.0,0.6341463414634154,0.6666666666666666,0.0,1.0
0.4186046511627904,0.0,1.0,0.5142857142857147,1.0
0.8387096774193548,0.49999999999999845,1.0,1.0,0.2624999999999997
0.867321867321867,1.0,0.0,0.2624999999999997,0.7027027027027031
0.7027027027027031,0.0,0.5142857142857147,1.0,1.0
0.0,0.49999999999999845,0.6341463414634154,1.0,0.8372093023255816
0.8461538461538461,0.8461538461538461,0.2624999999999997,1.0,1.0
0.6341463414634154,1.0,0.28378378378378466,0.22222222222222168,1.0
0.5777777777777775,0.5142857142857139,0.22222222222222168,0.0,0.8372093023255816
0.0,0.0,0.867321867321867,0.8372093023255816,0.7027027027027031
0.5555555555555531,1.0,0.5555555555555531,1.0,0.22222222222222168
0.0,0.5777777777777775,0.0,1.0,1.0
1.0,0.5555555555555531,0.8387096774193548,0.7027027027027031,0.2624999999999997
1.0,1.0,0.22222222222222168,1.0,0.867321867321867
0.6341463414634154,0.5555555555555531,1.0,0.0,0.0
1.0,0.6666666666666666,1.0,0.0,0.8387096774193548
0.2624999999999997,0.6341463414634154,0.0,1.0,1.0
0.2624999999999997,0.0,1.0,0.5142857142857147,1.0
1.0,1.0,1.0,1.0,0.7027027027027031
1.0,0.8372093023255816,0.8461538461538461,0.8387096774193548,1.0
1.0,0.4186046511627904,0.0,0.2624999999999997,0.22222222222222168
0.4186046511627904,0.7027027027027031,0.0,1.0,0.4186046511627904
1.0,0.0,1.0,0.8461538461538461,0.5777777777777775
0.49999999999999845,0.0,0.8461538461538461,1.0,0.0
0.28378378378378466,1.0,0.6666666666666666,0.5555555555555531,0.0
0.6666666666666666,1.0,0.0,0.5777777777777775,1.0
0.0,1.0,1.0,0.0,0.6341463414634154
0.49999999999999845,0.5142857142857147,0.0,0.8387096774193548,1.0
0.8372093023255816,0.0,1.0,0.5777777777777775,0.6341463414634154
0.5555555555555531,0.8387096774193548,0.6666666666666666,0.4186046511627904,1.0
0.8461538461538461,1.0,0.0,1.0,0.8372093023255816
0.49999999999999845,0.0,0.8387096774193548,0.8461538461538461,0.8372093023255816
0.5555555555555531,1.0,0.28378378378378466,1.0,1.0
1.0,1.0,0.22222222222222168,1.0,1.0
0.5777777777777775,0.7027027027027031,1.0,0.7027027027027031,1.0
0.49999999999999845,0.22222222222222168,1.0,0.22222222222222168,0.6666666666666666
0.4186046511627904,0.0,1.0,1.0,1.0
0.5777777777777775,0.6341463414634154,0.5142857142857139,0.28378378378378466,0.28378378378378466
0.5777777777777775,0.0,0.5777777777777775,0.5555555555555531,1.0
0.7027027027027031,0.22222222222222168,1.0,0.6666666666666666,0.28378378378378466
1.0,0.28378378378378466,0.8372093023255816,0.5777777777777775,0.6666666666666666
0.6341463414634154,0.0,0.4186046511627904,0.5555555555555531,0.0
0.22222222222222168,0.867321867321867,1.0,1.0,1.0
1.0,1.0,0.22222222222222168,1.0,1.0
0.5555555555555531,0.2624999999999997,0.6666666666666666,1.0,0.7027027027027031
1.0,0.0,0.867321867321867,1.0,1.0
0.6666666666666666,0.5142857142857147,0.0,0.0,0.8461538461538461
1.0,0.5142857142857147,0.49999999999999845,0.28378378378378466,1.0
1.0,1.0,1.0,0.6341463414634154,0.6341463414634154
0.6666666666666666,0.6666666666666666,0.28378378378378466,1.0,1.0
1.0,1.0,0.28378378378378466,1.0,1.0
0.867321867321867,0.0,0.5555555555555531,0.28378378378378466,0.49999999999999845
0.22222222222222168,0.0,1.0,0.0,0.867321867321867
0.867321867321867,0.49999999999999845,0.49999999999999845,1.0,1.0
0.5555555555555531,0.8387096774193548,0.28378378378378466,1.0,0.2624999999999997
0.867321867321867,1.0,0.5555555555555531,0.6341463414634154,0.5777777777777775
0.0,0.0,1.0,0.22222222222222168,0.8372093023255816
0.22222222222222168,0.0,0.6666666666666666,1.0,0.8461538461538461
1.0,0.8461538461538461,0.8461538461538461,0.0,0.0
1.0,1.0,0.22222222222222168,0.6666666666666666,0.0
0.0,1.0,0.0,0.2624999999999997,1.0
1.0,0.49999999999999845,1.0,1.0,1.0
1.0,0.28378378378378466,0.0,0.6666666666666666,0.867321867321867
0.0,0.2624999999999997,0.22222222222222168,1.0,0.28378378378378466
0.22222222222222168,0.8461538461538461,0.8387096774193548,0.0,0.8372093023255816
1.0,0.8372093023255816,0.5142857142857147,1.0,0.22222222222222168
1.0,0.22222222222222168,0.0,0.0,1.0
0.49999999999999845,1.0,1.0,1.0,1.0
0.5555555555555531,0.6666666666666666,0.22222222222222168,0.0,0.5142857142857147
0.49999999999999845,0.4186046511627904,0.867321867321867,0.49999999999999845,0.8461538461538461
0.8387096774193548,0.6341463414634154,1.0,1.0,0.0
0.8387096774193548,1.0,0.2624999999999997,0.0,0.0
0.6666666666666666,1.0,0.5142857142857147,0.49999999999999845,0.5142857142857147
0.5142857142857147,0.8372093023255816,0.0,1.0,0.6666666666666666
1.0,1.0,1.0,1.0,0.6666666666666666
0.7027027027027031,1.0,0.28378378378378466,0.8461538461538461,0.7027027027027031
0.0,1.0,0.2624999999999997,0.0,0.6666666666666666
0.8372093023255816,0.8372093023255816,0.5777777777777775,1.0,0.0
0.867321867321867,0.0,1.0,1.0,1.0
0.2624999999999997,0.6666666666666666,0.49999999999999845,1.0,1.0
0.6341463414634154,1.0,0.0,0.0,0.8461538461538461
1.0,0.6666666666666666,1.0,1.0,1.0
0.6341463414634154,0.7027027027027031,1.0,0.0,0.0
0.8461538461538461,0.5142857142857147,0.0,0.0,0.22222222222222168
0.0,1.0,0.0,0.0,1.0
0.0,0.22222222222222168,1.0,1.0,1.0
0.8461538461538461,0.8372093023255816,0.6341463414634154,0.5555555555555531,0.8387096774193548
0.6666666666666666,1.0,1.0,0.5555555555555531,0.8372093023255816
0.22222222222222168,0.8461538461538461,0.2624999999999997,0.0,1.0
0.5555555555555531,1.0,1.0,1.0,0.28378378378378466
0.6666666666666666,0.5555555555555531,1.0,0.22222222222222168,0.867321867321867
0.28378378378378466,0.49999999999999845,0.8387096774193548,1.0,0.2624999999999997
1.0,0.5777777777777775,1.0,0.5142857142857139,0.22222222222222168
1.0,0.28378378378378466,0.5142857142857147,0.6341463414634154,0.5142857142857147
0.5777777777777775,0.5555555555555531,1.0,1.0,0.2624999999999997
0.8387096774193548,0.28378378378378466,0.867321867321867,0.49999999999999845,1.0
1.0,0.5142857142857147,0.0,0.6666666666666666,0.7027027027027031
1.0,1.0,0.7027027027027031,1.0,0.4186046511627904
0.0,1.0,0.6341463414634154,0.0,0.8387096774193548
1.0,1.0,0.6666666666666666,1.0,0.5142857142857147
1.0,0.2624999999999997,1.0,1.0,0.8461538461538461
0.6666666666666666,1.0,1.0,0.0,0.2624999999999997
0.0,1.0,0.6666666666666666,0.6341463414634154,0.6341463414634154
0.8387096774193548,0.0,0.4186046511627904,1.0,0.8372093023255816
0.7027027027027031,0.4186046511627904,1.0,0.22222222222222168,0.6666666666666666
0.6341463414634154,0.8387096774193548,1.0,0.6666666666666666,0.0
0.0,0.0,0.5555555555555531,1.0,0.0
1.0,0.2624999999999997,1.0,0.6341463414634154,0.6341463414634154
0.49999999999999845,0.5142857142857147,1.0,0.8387096774193548,0.49999999999999845
1.0,1.0,0.22222222222222168,0.0,0.49999999999999845
1.0,0.7027027027027031,1.0,0.5555555555555531,0.0
0.5142857142857147,1.0,0.4186046511627904,0.8461538461538461,1.0
0.6341463414634154,0.6666666666666666,0.0,1.0,0.5142857142857147
0.8387096774193548,0.0,0.6666666666666666,0.49999999999999845,1.0
1.0,0.22222222222222168,1.0,0.4186046511627904,0.5142857142857147
1.0,1.0,0.49999999999999845,1.0,1.0
1.0,0.0,0.4186046511627904,0.7027027027027031,0.867321867321867
1.0,1.0,1.0,0.5777777777777775,0.0
1.0,0.0,0.867321867321867,0.5142857142857139,0.5555555555555531
0.5555555555555531,0.8387096774193548,1.0,1.0,1.0
1.0,0.8372093023255816,0.5142857142857147,0.8372093023255816,0.8461538461538461
0.0,1.0,1.0,0.6341463414634154,1.0
0.7027027027027031,1.0,0.5555555555555531,0.2624999999999997,1.0
1.0,1.0,1.0,1.0,1.0
0.7027027027027031,0.22222222222222168,0.8387096774193548,0.5142857142857147,0.867321867321867
0.0,0.8372093023255816,0.6666666666666666,1.0,0.5777777777777775
1.0,0.49999999999999845,1.0,0.6341463414634154,0.22222222222222168
1.0,0.5142857142857147,1.0,1.0,0.6341463414634154
1.0,1.0,1.0,0.8461538461538461,0.8461538461538461
0.2624999999999997,0.0,0.7027027027027031,0.2624999999999997,1.0
1.0,1.0,1.0,1.0,0.8387096774193548
0.5142857142857147,0.867321867321867,0.0,0.7027027027027031,0.0
1.0,1.0,0.0,1.0,0.6666666666666666
0.0,0.867321867321867,0.867321867321867,0.8461538461538461,1.0
0.7027027027027031,0.22222222222222168,1.0,1.0,0.867321867321867
0.867321867321867,0.8461538461538461,1.0,0.6666666666666666,0.22222222222222168
0.4186046511627904,1.0,0.7027027027027031,1.0,1.0
0.5777777777777775,1.0,1.0,0.0,0.867321867321867
0.4186046511627904,0.8387096774193548,0.6341463414634154,1.0,0.7027027027027031
0.0,0.5777777777777775,0.0,1.0,0.0
1.0,0.6666666666666666,0.0,0.22222222222222168,1.0
0.2624999999999997,0.5777777777777775,0.22222222222222168,0.8461538461538461,1.0
0.0,1.0,0.867321867321867,1.0,0.6341463414634154
1.0,0.0,0.8372093023255816,1.0,0.28378378378378466
1.0,0.6341463414634154,0.8387096774193548,0.5142857142857147,1.0
0.0,0.6341463414634154,1.0,0.0,1.0
1.0,0.6341463414634154,0.49999999999999845,1.0,0.8387096774193548
0.8387096774193548,1.0,1.0,1.0,1.0
0.0,0.0,1.0,0.5142857142857147,1.0
1.0,1.0,0.0,1.0,0.49999999999999845
1.0,1.0,1.0,0.8387096774193548,0.8461538461538461
1.0,0.0,0.5142857142857147,0.49999999999999845,0.22222222222222168
0.2624999999999997,0.5777777777777775,0.7027027027027031,0.867321867321867,1.0
0.5777777777777775,1.0,1.0,0.5777777777777775,0.5777777777777775
1.0,0.0,1.0,1.0,0.8372093023255816
0.8461538461538461,0.8387096774193548,0.2624999999999997,0.7027027027027031,0.0
0.0,1.0,1.0,0.8372093023255816,1.0
1.0,0.8372093023255816,0.8372093023255816,0.5142857142857147,0.0
1.0,0.867321867321867,0.28378378378378466,0.8387096774193548,0.0
0.6341463414634154,1.0,1.0,0.4186046511627904,1.0
0.6666666666666666,0.0,0.5142857142857139,1.0,0.6666666666666666
0.8387096774193548,1.0,0.4186046511627904,0.22222222222222168,0.6666666666666666
0.0,1.0,0.7027027027027031,0.5142857142857147,0.5555555555555531
1.0,1.0,0.867321867321867,0.867321867321867,1.0
0.0,0.5777777777777775,0.49999999999999845,1.0,1.0
1.0,0.49999999999999845,0.5555555555555531,0.5777777777777775,0.49999999999999845
0.6341463414634154,0.6666666666666666,0.5142857142857147,0.8461538461538461,0.0
0.0,1.0,0.2624999999999997,1.0,0.0
0.8372093023255816,0.7027027027027031,0.8372093023255816,0.0,0.2624999999999997
1.0,0.8372093023255816,1.0,0.8461538461538461,0.867321867321867
0.7027027027027031,1.0,1.0,0.5777777777777775,0.6341463414634154
1.0,0.49999999999999845,1.0,0.867321867321867,0.8461538461538461
0.22222222222222168,0.7027027027027031,1.0,0.0,1.0
1.0,0.49999999999999845,1.0,0.2624999999999997,1.0
0.5777777777777775,0.5555555555555531,1.0,0.2624999999999997,1.0
0.0,1.0,0.5777777777777775,1.0,1.0
0.49999999999999845,1.0,1.0,1.0,1.0
0.4186046511627904,1.0,1.0,0.6666666666666666,0.8461538461538461
0.0,0.4186046511627904,0.0,1.0,1.0
1.0,0.0,1.0,1.0,1.0
0.867321867321867,0.0,0.28378378378378466,1.0,0.867321867321867
1.0,0.0,0.0,0.6666666666666666,0.0
1.0,0.28378378378378466,0.0,0.6341463414634154,1.0
0.7027027027027031,0.5777777777777775,0.0,1.0,0.8461538461538461
0.5555555555555531,0.0,0.0,1.0,0.2624999999999997
1.0,1.0,1.0,0.6666666666666666,0.5142857142857147
1.0,0.6341463414634154,0.867321867321867,0.0,1.0
0.5142857142857139,1.0,1.0,0.8387096774193548,1.0
0.22222222222222168,1.0,0.8372093023255816,0.4186046511627904,0.0
1.0,1.0,0.5777777777777775,1.0,1.0
0.0,0.8387096774193548,0.5555555555555531,0.0,1.0
0.22222222222222168,0.5142857142857147,0.28378378378378466,0.2624999999999997,0.0
1.0,0.28378378378378466,1.0,1.0,0.28378378378378466
0.8461538461538461,0.5777777777777775,0.5142857142857147,0.28378378378378466,0.0
0.4186046511627904,1.0,0.5777777777777775,1.0,0.5777777777777775
1.0,1.0,0.4186046511627904,0.8461538461538461,1.0
0.5555555555555531,0.6341463414634154,0.0,0.5777777777777775,0.0
0.8387096774193548,0.22222222222222168,0.8372093023255816,1.0,1.0
0.0,1.0,0.8372093023255816,0.5142857142857147,0.49999999999999845
0.0,1.0,1.0,0.6341463414634154,0.5555555555555531
0.22222222222222168,0.6666666666666666,1.0,0.2624999999999997,0.0
0.0,1.0,1.0,0.49999999999999845,0.6341463414634154
1.0,0.5555555555555531,0.8461538461538461,0.28378378378378466,1.0
0.5142857142857147,0.5777777777777775,0.7027027027027031,0.8387096774193548,1.0
1.0,1.0,0.4186046511627904,0.5142857142857147,0.7027027027027031
1.0,0.5555555555555531,1.0,0.22222222222222168,0.2624999999999997
0.867321867321867,1.0,0.6666666666666666,1.0,0.5777777777777775
0.8372093023255816,0.6666666666666666,0.5555555555555531,0.8461538461538461,0.7027027027027031
0.0,0.6666666666666666,1.0,0.28378378378378466,0.8673218673218672
0.0,0.5555555555555531,0.2624999999999997,0.8372093023255816,1.0
1.0,0.2624999999999997,1.0,0.2624999999999997,1.0
0.22222222222222168,1.0,0.22222222222222168,0.6341463414634154,1.0
0.0,1.0,0.22222222222222168,1.0,1.0
0.2624999999999997,0.8387096774193548,1.0,0.2624999999999997,0.22222222222222168
0.2624999999999997,0.8461538461538461,0.0,0.28378378378378466,0.6666666666666666
1.0,1.0,1.0,0.22222222222222168,1.0
0.6341463414634154,0.2624999999999997,1.0,1.0,1.0
0.0,0.5777777777777775,0.8387096774193548,0.6666666666666666,1.0
1.0,0.4186046511627904,1.0,1.0,0.4186046511627904
0.6666666666666666,1.0,0.28378378378378466,0.22222222222222168,0.5142857142857147
0.0,1.0,0.4186046511627904,0.0,0.8461538461538461
0.0,0.2624999999999997,0.0,0.4186046511627904,1.0
1.0,1.0,0.5777777777777775,1.0,0.5777777777777775
1.0,0.0,0.2624999999999997,1.0,0.8372093023255816
0.8461538461538461,0.22222222222222168,0.28378378378378466,1.0,1.0
0.8461538461538461,0.0,1.0,1.0,1.0
0.5777777777777775,0.0,1.0,0.28378378378378466,0.5555555555555531
1.0,1.0,0.5555555555555531,0.28378378378378466,0.49999999999999845
1.0,0.867321867321867,0.5555555555555531,0.28378378378378466,0.28378378378378466
0.5142857142857147,0.8461538461538461,0.0,0.0,0.867321867321867
1.0,1.0,1.0,1.0,0.8387096774193548
0.5555555555555531,0.5555555555555531,1.0,0.49999999999999845,0.5142857142857147
1.0,0.49999999999999845,0.8387096774193548,0.4186046511627904,0.0
0.867321867321867,0.8461538461538461,1.0,1.0,1.0
1.0,0.22222222222222168,0.867321867321867,1.0,0.6341463414634154
1.0,0.5777777777777775,0.6341463414634154,1.0,0.5142857142857147
0.28378378378378466,1.0,0.5555555555555531,0.867321867321867,0.49999999999999845
1.0,1.0,0.8387096774193548,0.0,0.6341463414634154
1.0,0.0,0.2624999999999997,0.28378378378378466,0.2624999999999997
0.5555555555555531,0.2624999999999997,0.6341463414634154,0.0,0.867321867321867
0.0,0.5777777777777775,0.2624999999999997,0.6666666666666666,1.0
0.5142857142857147,0.5555555555555531,0.22222222222222168,0.0,0.22222222222222168
1.0,0.867321867321867,1.0,0.8461538461538461,0.49999999999999845
0.49999999999999845,1.0,1.0,1.0,0.49999999999999845
0.867321867321867,0.7027027027027031,1.0,1.0,0.5777777777777775
0.0,0.0,1.0,0.28378378378378466,0.5142857142857147
1.0,1.0,0.0,0.867321867321867,1.0
0.49999999999999845,0.5777777777777775,0.867321867321867,0.0,0.6666666666666666
1.0,0.0,1.0,1.0,0.6666666666666666
0.49999999999999845,0.8461538461538461,1.0,1.0,0.6341463414634154
0.6341463414634154,1.0,0.8461538461538461,0.28378378378378466,0.5777777777777775
1.0,1.0,0.2624999999999997,0.5777777777777775,0.28378378378378466
1.0,0.5142857142857139,0.22222222222222168,1.0,0.0
0.6341463414634154,0.0,1.0,0.0,0.5142857142857147
1.0,0.8461538461538461,0.5142857142857139,0.0,1.0
0.2624999999999997,0.5142857142857139,0.6666666666666666,1.0,1.0
0.2624999999999997,0.5555555555555531,0.2624999999999997,1.0,0.6341463414634154
1.0,1.0,0.0,0.49999999999999845,0.8372093023255816
1.0,1.0,0.6341463414634154,0.7027027027027031,0.49999999999999845
0.6341463414634154,0.4186046511627904,1.0,1.0,0.867321867321867
0.0,1.0,1.0,0.6666666666666666,1.0
0.22222222222222168,0.6666666666666666,1.0,0.5777777777777775,0.28378378378378466
1.0,0.5777777777777775,0.22222222222222168,0.7027027027027031,0.8387096774193548
0.28378378378378466,1.0,1.0,1.0,0.28378378378378466
1.0,0.6666666666666666,0.8387096774193548,1.0,0.8461538461538461
0.0,1.0,1.0,1.0,0.8387096774193548
0.5555555555555531,0.7027027027027031,0.0,1.0,0.0
1.0,1.0,0.6666666666666666,0.7027027027027031,0.5777777777777775
0.4186046511627904,1.0,0.0,1.0,1.0
0.8461538461538461,0.2624999999999997,0.8461538461538461,0.4186046511627904,0.0
0.4186046511627904,1.0,0.6666666666666666,1.0,0.22222222222222168
0.6341463414634154,0.0,1.0,0.7027027027027031,1.0
0.28378378378378466,0.28378378378378466,0.8372093023255816,1.0,0.2624999999999997
1.0,0.867321867321867,1.0,0.0,0.49999999999999845
1.0,1.0,0.6341463414634154,1.0,1.0
0.0,0.8461538461538461,1.0,0.8387096774193548,0.8372093023255816
0.6341463414634154,0.7027027027027031,0.2624999999999997,1.0,0.8461538461538461
0.867321867321867,1.0,0.0,0.6341463414634154,1.0
0.867321867321867,0.5555555555555531,0.5777777777777775,0.8387096774193548,0.2624999999999997
1.0,0.5555555555555531,0.0,1.0,1.0
0.0,1.0,0.7027027027027031,1.0,0.7027027027027031
0.5142857142857147,0.8372093023255816,1.0,1.0,1.0
1.0,1.0,0.5142857142857147,0.0,1.0
0.0,1.0,1.0,1.0,1.0
0.49999999999999845,1.0,1.0,1.0,0.4186046511627904
0.8461538461538461,1.0,0.5555555555555531,1.0,0.28378378378378466
0.49999999999999845,0.49999999999999845,0.0,1.0,1.0
0.867321867321867,1.0,0.4186046511627904,0.0,1.0
0.28378378378378466,0.6341463414634154,0.0,1.0,1.0
